series_id,market,commodity,unit,horizon,date,pred_q10,pred_median,pred_q90
Baglung__Apples__KG,Baglung,Apples,KG,1,2026-09-15,287.62,330.34,362.4
Baglung__Apples__KG,Baglung,Apples,KG,2,2026-10-15,294.67,323.27,352.47
Baglung__Apples__KG,Baglung,Apples,KG,3,2026-11-15,286.28,313.89,344.2
Baglung__Bananas__Dozen,Baglung,Bananas,Dozen,1,2026-09-15,151.51,178.88,199.14
Baglung__Bananas__Dozen,Baglung,Bananas,Dozen,2,2026-10-15,156.39,176.94,196.5
Baglung__Bananas__Dozen,Baglung,Bananas,Dozen,3,2026-11-15,152.19,171.07,191.71
Baglung__Beans (black)__KG,Baglung,Beans (black),KG,1,2026-09-15,201.0,214.69,226.76
Baglung__Beans (black)__KG,Baglung,Beans (black),KG,2,2026-10-15,203.36,214.43,225.49
Baglung__Beans (black)__KG,Baglung,Beans (black),KG,3,2026-11-15,201.48,212.6,224.54
Baglung__Cabbage__KG,Baglung,Cabbage,KG,1,2026-09-15,53.48,71.21,85.43
Baglung__Cabbage__KG,Baglung,Cabbage,KG,2,2026-10-15,55.5,70.2,83.79
Baglung__Cabbage__KG,Baglung,Cabbage,KG,3,2026-11-15,52.27,66.0,79.46
Baglung__Carrots__KG__seg1,Baglung,Carrots,KG,1,2026-09-15,98.69,137.28,167.15
Baglung__Carrots__KG__seg1,Baglung,Carrots,KG,2,2026-10-15,94.68,130.36,160.16
Baglung__Carrots__KG__seg1,Baglung,Carrots,KG,3,2026-11-15,82.89,118.62,149.13
Baglung__Chickpeas__KG,Baglung,Chickpeas,KG,1,2026-09-15,139.25,149.75,161.64
Baglung__Chickpeas__KG,Baglung,Chickpeas,KG,2,2026-10-15,141.6,148.46,158.76
Baglung__Chickpeas__KG,Baglung,Chickpeas,KG,3,2026-11-15,139.73,146.66,157.29
Baglung__Eggs__Unit,Baglung,Eggs,Unit,1,2026-09-15,17.93,20.18,21.77
Baglung__Eggs__Unit,Baglung,Eggs,Unit,2,2026-10-15,18.5,20.07,21.64
Baglung__Eggs__Unit,Baglung,Eggs,Unit,3,2026-11-15,18.2,19.69,21.39
Baglung__Fish__KG,Baglung,Fish,KG,1,2026-09-15,443.65,487.7,513.41
Baglung__Fish__KG,Baglung,Fish,KG,2,2026-10-15,452.25,484.72,507.41
Baglung__Fish__KG,Baglung,Fish,KG,3,2026-11-15,444.56,475.95,499.55
Baglung__Lentils (broken)__KG,Baglung,Lentils (broken),KG,1,2026-09-15,153.52,160.76,176.22
Baglung__Lentils (broken)__KG,Baglung,Lentils (broken),KG,2,2026-10-15,152.49,156.85,171.05
Baglung__Lentils (broken)__KG,Baglung,Lentils (broken),KG,3,2026-11-15,149.93,154.29,168.66
Baglung__Meat (chicken)__KG,Baglung,Meat (chicken),KG,1,2026-09-15,424.22,460.43,484.21
Baglung__Meat (chicken)__KG,Baglung,Meat (chicken),KG,2,2026-10-15,430.18,457.82,479.32
Baglung__Meat (chicken)__KG,Baglung,Meat (chicken),KG,3,2026-11-15,423.27,449.49,470.9
Baglung__Milk__L,Baglung,Milk,L,1,2026-09-15,115.14,121.43,126.49
Baglung__Milk__L,Baglung,Milk,L,2,2026-10-15,116.17,121.61,126.29
Baglung__Milk__L,Baglung,Milk,L,3,2026-11-15,114.94,120.37,125.28
Baglung__Oil (mustard)__L,Baglung,Oil (mustard),L,1,2026-09-15,299.36,328.53,350.86
Baglung__Oil (mustard)__L,Baglung,Oil (mustard),L,2,2026-10-15,298.24,319.39,340.38
Baglung__Oil (mustard)__L,Baglung,Oil (mustard),L,3,2026-11-15,290.17,310.8,333.18
Baglung__Oil (soybean)__L,Baglung,Oil (soybean),L,1,2026-09-15,283.18,311.62,329.57
Baglung__Oil (soybean)__L,Baglung,Oil (soybean),L,2,2026-10-15,286.59,309.94,326.19
Baglung__Oil (soybean)__L,Baglung,Oil (soybean),L,3,2026-11-15,281.29,304.48,321.97
Baglung__Peanut__KG,Baglung,Peanut,KG,1,2026-09-15,264.65,290.13,311.03
Baglung__Peanut__KG,Baglung,Peanut,KG,2,2026-10-15,269.78,291.55,310.42
Baglung__Peanut__KG,Baglung,Peanut,KG,3,2026-11-15,266.06,287.94,308.99
Baglung__Potatoes (red)__KG,Baglung,Potatoes (red),KG,1,2026-09-15,53.0,61.47,69.03
Baglung__Potatoes (red)__KG,Baglung,Potatoes (red),KG,2,2026-10-15,54.49,60.38,66.2
Baglung__Potatoes (red)__KG,Baglung,Potatoes (red),KG,3,2026-11-15,52.73,58.02,63.39
Baglung__Rice (coarse)__KG__seg1,Baglung,Rice (coarse),KG,1,2026-09-15,61.57,66.19,69.66
Baglung__Rice (coarse)__KG__seg1,Baglung,Rice (coarse),KG,2,2026-10-15,62.07,66.01,69.37
Baglung__Rice (coarse)__KG__seg1,Baglung,Rice (coarse),KG,3,2026-11-15,61.07,64.92,68.67
Baglung__Rice (medium grain)__KG,Baglung,Rice (medium grain),KG,1,2026-09-15,81.86,88.65,93.99
Baglung__Rice (medium grain)__KG,Baglung,Rice (medium grain),KG,2,2026-10-15,81.25,87.12,92.34
Baglung__Rice (medium grain)__KG,Baglung,Rice (medium grain),KG,3,2026-11-15,78.57,84.11,89.73
Baglung__Tomatoes__KG,Baglung,Tomatoes,KG,1,2026-09-15,77.78,102.69,124.54
Baglung__Tomatoes__KG,Baglung,Tomatoes,KG,2,2026-10-15,74.67,96.39,117.36
Baglung__Tomatoes__KG,Baglung,Tomatoes,KG,3,2026-11-15,67.89,88.7,108.6
Baglung__Wheat flour__KG,Baglung,Wheat flour,KG,1,2026-09-15,82.55,90.71,96.64
Baglung__Wheat flour__KG,Baglung,Wheat flour,KG,2,2026-10-15,82.87,90.13,95.94
Baglung__Wheat flour__KG,Baglung,Wheat flour,KG,3,2026-11-15,81.11,88.16,94.63
Bhairahawa__Apples__KG,Bhairahawa,Apples,KG,1,2026-09-15,289.35,335.26,372.61
Bhairahawa__Apples__KG,Bhairahawa,Apples,KG,2,2026-10-15,290.23,318.97,354.54
Bhairahawa__Apples__KG,Bhairahawa,Apples,KG,3,2026-11-15,272.86,300.13,336.33
Bhairahawa__Bananas__Dozen,Bhairahawa,Bananas,Dozen,1,2026-09-15,113.44,131.35,145.16
Bhairahawa__Bananas__Dozen,Bhairahawa,Bananas,Dozen,2,2026-10-15,116.07,129.43,143.19
Bhairahawa__Bananas__Dozen,Bhairahawa,Bananas,Dozen,3,2026-11-15,112.98,124.96,139.62
Bhairahawa__Beans (black)__KG,Bhairahawa,Beans (black),KG,1,2026-09-15,167.6,187.42,201.58
Bhairahawa__Beans (black)__KG,Bhairahawa,Beans (black),KG,2,2026-10-15,171.26,185.52,199.46
Bhairahawa__Beans (black)__KG,Bhairahawa,Beans (black),KG,3,2026-11-15,166.97,180.48,195.63
Bhairahawa__Cabbage__KG,Bhairahawa,Cabbage,KG,1,2026-09-15,37.71,52.29,66.55
Bhairahawa__Cabbage__KG,Bhairahawa,Cabbage,KG,2,2026-10-15,36.98,48.3,60.88
Bhairahawa__Cabbage__KG,Bhairahawa,Cabbage,KG,3,2026-11-15,33.49,43.65,54.64
Bhairahawa__Carrots__KG__seg1,Bhairahawa,Carrots,KG,1,2026-09-15,78.98,143.44,203.68
Bhairahawa__Carrots__KG__seg1,Bhairahawa,Carrots,KG,2,2026-10-15,67.32,126.96,182.86
Bhairahawa__Carrots__KG__seg1,Bhairahawa,Carrots,KG,3,2026-11-15,48.53,108.48,162.68
Bhairahawa__Chickpeas__KG,Bhairahawa,Chickpeas,KG,1,2026-09-15,122.18,132.55,139.75
Bhairahawa__Chickpeas__KG,Bhairahawa,Chickpeas,KG,2,2026-10-15,124.05,131.4,138.45
Bhairahawa__Chickpeas__KG,Bhairahawa,Chickpeas,KG,3,2026-11-15,122.09,128.9,136.58
Bhairahawa__Eggs__Unit,Bhairahawa,Eggs,Unit,1,2026-09-15,17.01,19.29,21.49
Bhairahawa__Eggs__Unit,Bhairahawa,Eggs,Unit,2,2026-10-15,17.49,19.02,21.08
Bhairahawa__Eggs__Unit,Bhairahawa,Eggs,Unit,3,2026-11-15,17.07,18.46,20.63
Bhairahawa__Fish__KG,Bhairahawa,Fish,KG,1,2026-09-15,384.12,400.68,423.33
Bhairahawa__Fish__KG,Bhairahawa,Fish,KG,2,2026-10-15,386.73,396.28,418.02
Bhairahawa__Fish__KG,Bhairahawa,Fish,KG,3,2026-11-15,384.61,393.48,415.6
Bhairahawa__Lentils (broken)__KG,Bhairahawa,Lentils (broken),KG,1,2026-09-15,156.27,170.72,185.79
Bhairahawa__Lentils (broken)__KG,Bhairahawa,Lentils (broken),KG,2,2026-10-15,158.68,169.28,183.29
Bhairahawa__Lentils (broken)__KG,Bhairahawa,Lentils (broken),KG,3,2026-11-15,155.93,165.61,180.5
Bhairahawa__Meat (chicken)__KG,Bhairahawa,Meat (chicken),KG,1,2026-09-15,371.0,406.89,435.71
Bhairahawa__Meat (chicken)__KG,Bhairahawa,Meat (chicken),KG,2,2026-10-15,379.3,404.52,431.18
Bhairahawa__Meat (chicken)__KG,Bhairahawa,Meat (chicken),KG,3,2026-11-15,373.92,398.42,425.69
Bhairahawa__Milk__L,Bhairahawa,Milk,L,1,2026-09-15,98.89,103.92,108.92
Bhairahawa__Milk__L,Bhairahawa,Milk,L,2,2026-10-15,99.33,104.01,108.64
Bhairahawa__Milk__L,Bhairahawa,Milk,L,3,2026-11-15,98.3,102.94,107.89
Bhairahawa__Oil (mustard)__L,Bhairahawa,Oil (mustard),L,1,2026-09-15,260.65,276.91,290.81
Bhairahawa__Oil (mustard)__L,Bhairahawa,Oil (mustard),L,2,2026-10-15,260.61,273.35,286.66
Bhairahawa__Oil (mustard)__L,Bhairahawa,Oil (mustard),L,3,2026-11-15,255.69,267.47,281.32
Bhairahawa__Oil (soybean)__L,Bhairahawa,Oil (soybean),L,1,2026-09-15,228.7,242.2,260.37
Bhairahawa__Oil (soybean)__L,Bhairahawa,Oil (soybean),L,2,2026-10-15,227.91,236.55,254.07
Bhairahawa__Oil (soybean)__L,Bhairahawa,Oil (soybean),L,3,2026-11-15,223.22,232.36,250.67
Bhairahawa__Peanut__KG,Bhairahawa,Peanut,KG,1,2026-09-15,181.18,197.34,209.09
Bhairahawa__Peanut__KG,Bhairahawa,Peanut,KG,2,2026-10-15,183.99,196.55,207.92
Bhairahawa__Peanut__KG,Bhairahawa,Peanut,KG,3,2026-11-15,180.22,192.26,204.96
Bhairahawa__Potatoes (red)__KG,Bhairahawa,Potatoes (red),KG,1,2026-09-15,41.75,51.32,60.99
Bhairahawa__Potatoes (red)__KG,Bhairahawa,Potatoes (red),KG,2,2026-10-15,42.41,49.47,57.66
Bhairahawa__Potatoes (red)__KG,Bhairahawa,Potatoes (red),KG,3,2026-11-15,40.27,46.63,53.89
Bhairahawa__Pumpkin__KG__seg1,Bhairahawa,Pumpkin,KG,1,2026-09-15,41.45,45.95,50.56
Bhairahawa__Pumpkin__KG__seg1,Bhairahawa,Pumpkin,KG,2,2026-10-15,42.15,45.28,49.14
Bhairahawa__Pumpkin__KG__seg1,Bhairahawa,Pumpkin,KG,3,2026-11-15,41.74,44.41,47.83
Bhairahawa__Rice (coarse)__KG,Bhairahawa,Rice (coarse),KG,1,2026-09-15,52.56,58.35,62.72
Bhairahawa__Rice (coarse)__KG,Bhairahawa,Rice (coarse),KG,2,2026-10-15,53.39,58.12,62.34
Bhairahawa__Rice (coarse)__KG,Bhairahawa,Rice (coarse),KG,3,2026-11-15,52.11,56.69,61.31
Bhairahawa__Rice (medium grain)__KG,Bhairahawa,Rice (medium grain),KG,1,2026-09-15,69.84,75.76,80.08
Bhairahawa__Rice (medium grain)__KG,Bhairahawa,Rice (medium grain),KG,2,2026-10-15,69.94,74.95,79.24
Bhairahawa__Rice (medium grain)__KG,Bhairahawa,Rice (medium grain),KG,3,2026-11-15,68.47,73.24,77.99
Bhairahawa__Tomatoes__KG,Bhairahawa,Tomatoes,KG,1,2026-09-15,59.83,83.05,103.21
Bhairahawa__Tomatoes__KG,Bhairahawa,Tomatoes,KG,2,2026-10-15,54.28,76.63,96.27
Bhairahawa__Tomatoes__KG,Bhairahawa,Tomatoes,KG,3,2026-11-15,45.65,68.26,87.73
Bhairahawa__Wheat flour__KG,Bhairahawa,Wheat flour,KG,1,2026-09-15,71.54,79.66,85.74
Bhairahawa__Wheat flour__KG,Bhairahawa,Wheat flour,KG,2,2026-10-15,72.3,79.14,85.19
Bhairahawa__Wheat flour__KG,Bhairahawa,Wheat flour,KG,3,2026-11-15,70.97,77.61,84.28
Biratnagar__Apples__KG__seg1,Biratnagar,Apples,KG,1,2026-09-15,294.62,328.57,350.85
Biratnagar__Apples__KG__seg1,Biratnagar,Apples,KG,2,2026-10-15,303.11,329.3,349.92
Biratnagar__Apples__KG__seg1,Biratnagar,Apples,KG,3,2026-11-15,297.95,322.35,343.1
Biratnagar__Bananas__Dozen,Biratnagar,Bananas,Dozen,1,2026-09-15,91.86,107.29,124.64
Biratnagar__Bananas__Dozen,Biratnagar,Bananas,Dozen,2,2026-10-15,96.78,107.31,122.6
Biratnagar__Bananas__Dozen,Biratnagar,Bananas,Dozen,3,2026-11-15,96.34,105.58,119.81
Biratnagar__Beans (black)__KG,Biratnagar,Beans (black),KG,1,2026-09-15,178.33,192.68,204.09
Biratnagar__Beans (black)__KG,Biratnagar,Beans (black),KG,2,2026-10-15,180.14,190.74,202.07
Biratnagar__Beans (black)__KG,Biratnagar,Beans (black),KG,3,2026-11-15,177.23,187.0,199.31
Biratnagar__Cabbage__KG,Biratnagar,Cabbage,KG,1,2026-09-15,35.82,51.81,67.96
Biratnagar__Cabbage__KG,Biratnagar,Cabbage,KG,2,2026-10-15,35.42,48.47,63.28
Biratnagar__Cabbage__KG,Biratnagar,Cabbage,KG,3,2026-11-15,31.57,43.45,57.07
Biratnagar__Carrots__KG__seg1,Biratnagar,Carrots,KG,1,2026-09-15,67.34,96.17,123.08
Biratnagar__Carrots__KG__seg1,Biratnagar,Carrots,KG,2,2026-10-15,63.8,90.35,116.12
Biratnagar__Carrots__KG__seg1,Biratnagar,Carrots,KG,3,2026-11-15,55.86,82.28,107.5
Biratnagar__Chickpeas__KG,Biratnagar,Chickpeas,KG,1,2026-09-15,119.67,130.2,139.5
Biratnagar__Chickpeas__KG,Biratnagar,Chickpeas,KG,2,2026-10-15,121.16,127.89,136.09
Biratnagar__Chickpeas__KG,Biratnagar,Chickpeas,KG,3,2026-11-15,118.1,124.31,132.38
Biratnagar__Eggs__Unit,Biratnagar,Eggs,Unit,1,2026-09-15,16.98,19.85,21.6
Biratnagar__Eggs__Unit,Biratnagar,Eggs,Unit,2,2026-10-15,17.32,19.76,21.48
Biratnagar__Eggs__Unit,Biratnagar,Eggs,Unit,3,2026-11-15,16.89,19.08,21.08
Biratnagar__Fish__KG__seg1,Biratnagar,Fish,KG,1,2026-09-15,350.81,369.15,385.47
Biratnagar__Fish__KG__seg1,Biratnagar,Fish,KG,2,2026-10-15,355.27,367.38,380.99
Biratnagar__Fish__KG__seg1,Biratnagar,Fish,KG,3,2026-11-15,354.57,365.13,378.18
Biratnagar__Lentils (broken)__KG,Biratnagar,Lentils (broken),KG,1,2026-09-15,143.75,152.43,166.73
Biratnagar__Lentils (broken)__KG,Biratnagar,Lentils (broken),KG,2,2026-10-15,144.29,150.44,163.52
Biratnagar__Lentils (broken)__KG,Biratnagar,Lentils (broken),KG,3,2026-11-15,142.28,147.4,160.33
Biratnagar__Meat (chicken)__KG,Biratnagar,Meat (chicken),KG,1,2026-09-15,397.0,430.15,454.15
Biratnagar__Meat (chicken)__KG,Biratnagar,Meat (chicken),KG,2,2026-10-15,403.99,429.35,451.66
Biratnagar__Meat (chicken)__KG,Biratnagar,Meat (chicken),KG,3,2026-11-15,398.14,422.08,444.6
Biratnagar__Milk__L,Biratnagar,Milk,L,1,2026-09-15,81.22,82.74,85.46
Biratnagar__Milk__L,Biratnagar,Milk,L,2,2026-10-15,81.48,82.67,85.29
Biratnagar__Milk__L,Biratnagar,Milk,L,3,2026-11-15,81.5,82.59,85.28
Biratnagar__Oil (mustard)__L,Biratnagar,Oil (mustard),L,1,2026-09-15,314.41,332.85,354.45
Biratnagar__Oil (mustard)__L,Biratnagar,Oil (mustard),L,2,2026-10-15,315.77,330.25,351.3
Biratnagar__Oil (mustard)__L,Biratnagar,Oil (mustard),L,3,2026-11-15,311.26,325.34,347.49
Biratnagar__Oil (soybean)__L,Biratnagar,Oil (soybean),L,1,2026-09-15,274.65,294.27,312.07
Biratnagar__Oil (soybean)__L,Biratnagar,Oil (soybean),L,2,2026-10-15,274.35,290.85,307.54
Biratnagar__Oil (soybean)__L,Biratnagar,Oil (soybean),L,3,2026-11-15,268.26,283.86,301.31
Biratnagar__Peanut__KG__seg1,Biratnagar,Peanut,KG,1,2026-09-15,222.87,241.52,262.33
Biratnagar__Peanut__KG__seg1,Biratnagar,Peanut,KG,2,2026-10-15,229.06,242.33,260.4
Biratnagar__Peanut__KG__seg1,Biratnagar,Peanut,KG,3,2026-11-15,226.41,240.4,259.21
Biratnagar__Potatoes (red)__KG,Biratnagar,Potatoes (red),KG,1,2026-09-15,48.35,64.65,79.59
Biratnagar__Potatoes (red)__KG,Biratnagar,Potatoes (red),KG,2,2026-10-15,49.04,61.91,74.91
Biratnagar__Potatoes (red)__KG,Biratnagar,Potatoes (red),KG,3,2026-11-15,45.17,56.78,68.07
Biratnagar__Pumpkin__KG__seg1,Biratnagar,Pumpkin,KG,1,2026-09-15,60.6,70.45,77.71
Biratnagar__Pumpkin__KG__seg1,Biratnagar,Pumpkin,KG,2,2026-10-15,62.69,70.5,77.5
Biratnagar__Pumpkin__KG__seg1,Biratnagar,Pumpkin,KG,3,2026-11-15,61.3,68.26,75.42
Biratnagar__Rice (coarse)__KG__seg1,Biratnagar,Rice (coarse),KG,1,2026-09-15,52.54,56.82,59.99
Biratnagar__Rice (coarse)__KG__seg1,Biratnagar,Rice (coarse),KG,2,2026-10-15,53.19,56.76,59.82
Biratnagar__Rice (coarse)__KG__seg1,Biratnagar,Rice (coarse),KG,3,2026-11-15,52.52,56.0,59.36
Biratnagar__Rice (medium grain)__KG,Biratnagar,Rice (medium grain),KG,1,2026-09-15,64.83,68.43,71.89
Biratnagar__Rice (medium grain)__KG,Biratnagar,Rice (medium grain),KG,2,2026-10-15,64.05,66.76,70.07
Biratnagar__Rice (medium grain)__KG,Biratnagar,Rice (medium grain),KG,3,2026-11-15,62.13,64.51,67.79
Biratnagar__Tomatoes__KG,Biratnagar,Tomatoes,KG,1,2026-09-15,54.92,84.67,113.95
Biratnagar__Tomatoes__KG,Biratnagar,Tomatoes,KG,2,2026-10-15,48.81,77.47,105.36
Biratnagar__Tomatoes__KG,Biratnagar,Tomatoes,KG,3,2026-11-15,40.26,69.46,96.95
Biratnagar__Wheat flour__KG__seg1,Biratnagar,Wheat flour,KG,1,2026-09-15,80.08,86.2,93.46
Biratnagar__Wheat flour__KG__seg1,Biratnagar,Wheat flour,KG,2,2026-10-15,80.19,84.95,91.94
Biratnagar__Wheat flour__KG__seg1,Biratnagar,Wheat flour,KG,3,2026-11-15,78.48,83.05,90.35
Birendranagar__Apples__KG,Birendranagar,Apples,KG,1,2026-09-15,204.88,261.14,308.77
Birendranagar__Apples__KG,Birendranagar,Apples,KG,2,2026-10-15,215.34,247.08,283.77
Birendranagar__Apples__KG,Birendranagar,Apples,KG,3,2026-11-15,202.2,231.55,267.83
Birendranagar__Bananas__Dozen,Birendranagar,Bananas,Dozen,1,2026-09-15,116.15,134.3,151.17
Birendranagar__Bananas__Dozen,Birendranagar,Bananas,Dozen,2,2026-10-15,119.34,131.05,145.9
Birendranagar__Bananas__Dozen,Birendranagar,Bananas,Dozen,3,2026-11-15,115.79,126.3,140.66
Birendranagar__Beans (black)__KG,Birendranagar,Beans (black),KG,1,2026-09-15,171.33,184.6,193.9
Birendranagar__Beans (black)__KG,Birendranagar,Beans (black),KG,2,2026-10-15,173.25,183.38,192.36
Birendranagar__Beans (black)__KG,Birendranagar,Beans (black),KG,3,2026-11-15,170.08,179.86,189.63
Birendranagar__Cabbage__KG,Birendranagar,Cabbage,KG,1,2026-09-15,38.18,53.89,68.63
Birendranagar__Cabbage__KG,Birendranagar,Cabbage,KG,2,2026-10-15,41.16,53.74,67.34
Birendranagar__Cabbage__KG,Birendranagar,Cabbage,KG,3,2026-11-15,39.64,51.3,64.15
Birendranagar__Carrots__KG__seg1,Birendranagar,Carrots,KG,1,2026-09-15,78.79,103.15,126.36
Birendranagar__Carrots__KG__seg1,Birendranagar,Carrots,KG,2,2026-10-15,80.34,100.17,120.95
Birendranagar__Carrots__KG__seg1,Birendranagar,Carrots,KG,3,2026-11-15,76.91,95.39,113.99
Birendranagar__Chickpeas__KG,Birendranagar,Chickpeas,KG,1,2026-09-15,144.19,155.55,163.27
Birendranagar__Chickpeas__KG,Birendranagar,Chickpeas,KG,2,2026-10-15,146.31,154.7,162.02
Birendranagar__Chickpeas__KG,Birendranagar,Chickpeas,KG,3,2026-11-15,143.97,151.99,159.87
Birendranagar__Eggs__Unit,Birendranagar,Eggs,Unit,1,2026-09-15,15.8,17.76,19.2
Birendranagar__Eggs__Unit,Birendranagar,Eggs,Unit,2,2026-10-15,16.27,17.58,19.02
Birendranagar__Eggs__Unit,Birendranagar,Eggs,Unit,3,2026-11-15,15.81,17.04,18.58
Birendranagar__Fish__KG,Birendranagar,Fish,KG,1,2026-09-15,522.87,568.1,607.55
Birendranagar__Fish__KG,Birendranagar,Fish,KG,2,2026-10-15,530.97,562.21,599.59
Birendranagar__Fish__KG,Birendranagar,Fish,KG,3,2026-11-15,521.51,553.27,592.97
Birendranagar__Lentils (broken)__KG,Birendranagar,Lentils (broken),KG,1,2026-09-15,166.36,177.49,187.63
Birendranagar__Lentils (broken)__KG,Birendranagar,Lentils (broken),KG,2,2026-10-15,165.69,173.77,183.68
Birendranagar__Lentils (broken)__KG,Birendranagar,Lentils (broken),KG,3,2026-11-15,161.2,168.84,179.34
Birendranagar__Meat (chicken)__KG,Birendranagar,Meat (chicken),KG,1,2026-09-15,436.64,474.6,505.02
Birendranagar__Meat (chicken)__KG,Birendranagar,Meat (chicken),KG,2,2026-10-15,441.36,467.99,496.27
Birendranagar__Meat (chicken)__KG,Birendranagar,Meat (chicken),KG,3,2026-11-15,433.54,458.72,487.52
Birendranagar__Milk__L,Birendranagar,Milk,L,1,2026-09-15,89.1,93.11,96.73
Birendranagar__Milk__L,Birendranagar,Milk,L,2,2026-10-15,89.54,93.3,96.57
Birendranagar__Milk__L,Birendranagar,Milk,L,3,2026-11-15,88.85,92.67,96.17
Birendranagar__Oil (mustard)__L,Birendranagar,Oil (mustard),L,1,2026-09-15,343.72,383.84,404.02
Birendranagar__Oil (mustard)__L,Birendranagar,Oil (mustard),L,2,2026-10-15,349.22,383.16,402.35
Birendranagar__Oil (mustard)__L,Birendranagar,Oil (mustard),L,3,2026-11-15,342.92,376.43,398.13
Birendranagar__Oil (soybean)__L,Birendranagar,Oil (soybean),L,1,2026-09-15,280.45,304.09,319.86
Birendranagar__Oil (soybean)__L,Birendranagar,Oil (soybean),L,2,2026-10-15,282.57,302.36,317.26
Birendranagar__Oil (soybean)__L,Birendranagar,Oil (soybean),L,3,2026-11-15,277.69,297.56,313.75
Birendranagar__Oranges__KG__seg1,Birendranagar,Oranges,KG,1,2026-06-15,146.74,201.55,257.42
Birendranagar__Oranges__KG__seg1,Birendranagar,Oranges,KG,2,2026-07-15,143.7,196.03,253.83
Birendranagar__Oranges__KG__seg1,Birendranagar,Oranges,KG,3,2026-08-15,139.47,194.11,253.65
Birendranagar__Peanut__KG__seg1,Birendranagar,Peanut,KG,1,2026-09-15,411.81,497.66,594.21
Birendranagar__Peanut__KG__seg1,Birendranagar,Peanut,KG,2,2026-10-15,446.02,507.24,590.2
Birendranagar__Peanut__KG__seg1,Birendranagar,Peanut,KG,3,2026-11-15,450.42,511.78,601.89
Birendranagar__Potatoes (red)__KG,Birendranagar,Potatoes (red),KG,1,2026-09-15,61.52,67.08,73.37
Birendranagar__Potatoes (red)__KG,Birendranagar,Potatoes (red),KG,2,2026-10-15,61.77,65.45,70.65
Birendranagar__Potatoes (red)__KG,Birendranagar,Potatoes (red),KG,3,2026-11-15,60.69,64.29,69.4
Birendranagar__Pumpkin__KG,Birendranagar,Pumpkin,KG,1,2026-09-15,64.21,79.57,88.9
Birendranagar__Pumpkin__KG,Birendranagar,Pumpkin,KG,2,2026-10-15,66.18,78.64,88.4
Birendranagar__Pumpkin__KG,Birendranagar,Pumpkin,KG,3,2026-11-15,63.68,74.9,85.47
Birendranagar__Rice (coarse)__KG,Birendranagar,Rice (coarse),KG,1,2026-09-15,57.0,60.84,63.74
Birendranagar__Rice (coarse)__KG,Birendranagar,Rice (coarse),KG,2,2026-10-15,57.44,60.62,63.38
Birendranagar__Rice (coarse)__KG,Birendranagar,Rice (coarse),KG,3,2026-11-15,56.45,59.53,62.53
Birendranagar__Rice (medium grain)__KG,Birendranagar,Rice (medium grain),KG,1,2026-09-15,90.42,96.98,101.61
Birendranagar__Rice (medium grain)__KG,Birendranagar,Rice (medium grain),KG,2,2026-10-15,90.46,96.25,100.7
Birendranagar__Rice (medium grain)__KG,Birendranagar,Rice (medium grain),KG,3,2026-11-15,88.72,94.38,99.25
Birendranagar__Tomatoes__KG,Birendranagar,Tomatoes,KG,1,2026-09-15,70.93,97.68,120.61
Birendranagar__Tomatoes__KG,Birendranagar,Tomatoes,KG,2,2026-10-15,68.95,92.54,114.96
Birendranagar__Tomatoes__KG,Birendranagar,Tomatoes,KG,3,2026-11-15,61.52,84.72,107.21
Birendranagar__Wheat flour__KG,Birendranagar,Wheat flour,KG,1,2026-09-15,78.35,85.17,93.88
Birendranagar__Wheat flour__KG,Birendranagar,Wheat flour,KG,2,2026-10-15,77.25,82.81,90.97
Birendranagar__Wheat flour__KG,Birendranagar,Wheat flour,KG,3,2026-11-15,74.19,79.81,88.22
Birgunj__Apples__KG,Birgunj,Apples,KG,1,2026-09-15,220.62,265.21,300.15
Birgunj__Apples__KG,Birgunj,Apples,KG,2,2026-10-15,232.03,261.34,292.26
Birgunj__Apples__KG,Birgunj,Apples,KG,3,2026-11-15,223.9,249.73,279.63
Birgunj__Bananas__Dozen,Birgunj,Bananas,Dozen,1,2026-09-15,95.42,113.13,126.0
Birgunj__Bananas__Dozen,Birgunj,Bananas,Dozen,2,2026-10-15,96.93,110.87,124.08
Birgunj__Bananas__Dozen,Birgunj,Bananas,Dozen,3,2026-11-15,93.74,105.64,119.39
Birgunj__Beans (black)__KG__seg1,Birgunj,Beans (black),KG,1,2026-09-15,193.89,204.97,216.31
Birgunj__Beans (black)__KG__seg1,Birgunj,Beans (black),KG,2,2026-10-15,194.39,202.4,213.2
Birgunj__Beans (black)__KG__seg1,Birgunj,Beans (black),KG,3,2026-11-15,191.4,198.96,210.51
Birgunj__Cabbage__KG,Birgunj,Cabbage,KG,1,2026-09-15,49.84,66.27,76.71
Birgunj__Cabbage__KG,Birgunj,Cabbage,KG,2,2026-10-15,47.91,63.34,74.2
Birgunj__Cabbage__KG,Birgunj,Cabbage,KG,3,2026-11-15,42.31,57.52,69.46
Birgunj__Carrots__KG__seg1,Birgunj,Carrots,KG,1,2026-09-15,80.17,123.06,160.26
Birgunj__Carrots__KG__seg1,Birgunj,Carrots,KG,2,2026-10-15,70.99,112.14,149.23
Birgunj__Carrots__KG__seg1,Birgunj,Carrots,KG,3,2026-11-15,57.79,99.5,136.98
Birgunj__Chickpeas__KG,Birgunj,Chickpeas,KG,1,2026-09-15,122.1,131.99,139.71
Birgunj__Chickpeas__KG,Birgunj,Chickpeas,KG,2,2026-10-15,123.61,130.45,137.74
Birgunj__Chickpeas__KG,Birgunj,Chickpeas,KG,3,2026-11-15,121.3,127.69,135.32
Birgunj__Eggs__Unit,Birgunj,Eggs,Unit,1,2026-09-15,16.18,18.8,20.34
Birgunj__Eggs__Unit,Birgunj,Eggs,Unit,2,2026-10-15,16.63,18.76,20.28
Birgunj__Eggs__Unit,Birgunj,Eggs,Unit,3,2026-11-15,16.23,18.18,19.92
Birgunj__Fish__KG,Birgunj,Fish,KG,1,2026-09-15,379.85,414.86,445.98
Birgunj__Fish__KG,Birgunj,Fish,KG,2,2026-10-15,388.5,409.76,437.71
Birgunj__Fish__KG,Birgunj,Fish,KG,3,2026-11-15,383.52,404.19,433.01
Birgunj__Lentils (broken)__KG,Birgunj,Lentils (broken),KG,1,2026-09-15,153.88,161.59,175.04
Birgunj__Lentils (broken)__KG,Birgunj,Lentils (broken),KG,2,2026-10-15,154.4,159.88,172.37
Birgunj__Lentils (broken)__KG,Birgunj,Lentils (broken),KG,3,2026-11-15,152.63,157.62,170.51
Birgunj__Meat (chicken)__KG,Birgunj,Meat (chicken),KG,1,2026-09-15,374.87,404.2,425.61
Birgunj__Meat (chicken)__KG,Birgunj,Meat (chicken),KG,2,2026-10-15,380.17,402.39,422.53
Birgunj__Meat (chicken)__KG,Birgunj,Meat (chicken),KG,3,2026-11-15,374.56,395.11,415.71
Birgunj__Milk__L,Birgunj,Milk,L,1,2026-09-15,97.4,101.45,104.74
Birgunj__Milk__L,Birgunj,Milk,L,2,2026-10-15,97.24,100.91,104.1
Birgunj__Milk__L,Birgunj,Milk,L,3,2026-11-15,95.9,99.31,102.74
Birgunj__Oil (mustard)__L,Birgunj,Oil (mustard),L,1,2026-09-15,317.56,340.51,359.72
Birgunj__Oil (mustard)__L,Birgunj,Oil (mustard),L,2,2026-10-15,319.52,338.9,357.33
Birgunj__Oil (mustard)__L,Birgunj,Oil (mustard),L,3,2026-11-15,314.66,333.48,353.28
Birgunj__Oil (soybean)__L,Birgunj,Oil (soybean),L,1,2026-09-15,274.03,293.5,310.71
Birgunj__Oil (soybean)__L,Birgunj,Oil (soybean),L,2,2026-10-15,274.6,291.09,307.35
Birgunj__Oil (soybean)__L,Birgunj,Oil (soybean),L,3,2026-11-15,269.37,285.59,302.8
Birgunj__Peanut__KG__seg1,Birgunj,Peanut,KG,1,2026-09-15,218.4,233.45,255.63
Birgunj__Peanut__KG__seg1,Birgunj,Peanut,KG,2,2026-10-15,221.85,233.45,253.69
Birgunj__Peanut__KG__seg1,Birgunj,Peanut,KG,3,2026-11-15,219.02,231.25,252.77
Birgunj__Potatoes (red)__KG,Birgunj,Potatoes (red),KG,1,2026-09-15,35.33,44.0,53.6
Birgunj__Potatoes (red)__KG,Birgunj,Potatoes (red),KG,2,2026-10-15,36.29,42.35,49.07
Birgunj__Potatoes (red)__KG,Birgunj,Potatoes (red),KG,3,2026-11-15,36.06,41.0,47.04
Birgunj__Pumpkin__KG,Birgunj,Pumpkin,KG,1,2026-09-15,53.71,64.74,73.42
Birgunj__Pumpkin__KG,Birgunj,Pumpkin,KG,2,2026-10-15,55.56,64.42,72.65
Birgunj__Pumpkin__KG,Birgunj,Pumpkin,KG,3,2026-11-15,54.03,62.16,70.75
Birgunj__Rice (coarse)__KG,Birgunj,Rice (coarse),KG,1,2026-09-15,56.87,61.26,64.61
Birgunj__Rice (coarse)__KG,Birgunj,Rice (coarse),KG,2,2026-10-15,57.26,60.92,64.24
Birgunj__Rice (coarse)__KG,Birgunj,Rice (coarse),KG,3,2026-11-15,56.26,59.77,63.47
Birgunj__Rice (medium grain)__KG,Birgunj,Rice (medium grain),KG,1,2026-09-15,75.72,80.67,84.69
Birgunj__Rice (medium grain)__KG,Birgunj,Rice (medium grain),KG,2,2026-10-15,75.22,79.34,83.41
Birgunj__Rice (medium grain)__KG,Birgunj,Rice (medium grain),KG,3,2026-11-15,73.47,77.12,81.63
Birgunj__Tomatoes__KG,Birgunj,Tomatoes,KG,1,2026-09-15,66.39,104.3,140.75
Birgunj__Tomatoes__KG,Birgunj,Tomatoes,KG,2,2026-10-15,57.51,94.16,129.26
Birgunj__Tomatoes__KG,Birgunj,Tomatoes,KG,3,2026-11-15,45.94,83.33,118.13
Birgunj__Wheat flour__KG,Birgunj,Wheat flour,KG,1,2026-09-15,76.18,81.91,86.25
Birgunj__Wheat flour__KG,Birgunj,Wheat flour,KG,2,2026-10-15,76.66,81.55,85.79
Birgunj__Wheat flour__KG,Birgunj,Wheat flour,KG,3,2026-11-15,75.8,80.49,85.12
Chainpur__Apples__KG__seg1,Chainpur,Apples,KG,1,2026-09-15,291.18,316.72,341.5
Chainpur__Apples__KG__seg1,Chainpur,Apples,KG,2,2026-10-15,297.57,315.63,339.2
Chainpur__Apples__KG__seg1,Chainpur,Apples,KG,3,2026-11-15,294.89,312.45,336.75
Chainpur__Bananas__Dozen__seg1,Chainpur,Bananas,Dozen,1,2026-09-15,122.13,145.66,161.48
Chainpur__Bananas__Dozen__seg1,Chainpur,Bananas,Dozen,2,2026-10-15,127.76,145.76,160.72
Chainpur__Bananas__Dozen__seg1,Chainpur,Bananas,Dozen,3,2026-11-15,125.54,142.48,158.17
Chainpur__Beans (black)__KG__seg1,Chainpur,Beans (black),KG,1,2026-09-15,186.9,199.15,208.77
Chainpur__Beans (black)__KG__seg1,Chainpur,Beans (black),KG,2,2026-10-15,187.41,196.33,205.24
Chainpur__Beans (black)__KG__seg1,Chainpur,Beans (black),KG,3,2026-11-15,182.85,191.01,200.27
Chainpur__Cabbage__KG__seg1,Chainpur,Cabbage,KG,1,2026-09-15,51.28,68.26,77.71
Chainpur__Cabbage__KG__seg1,Chainpur,Cabbage,KG,2,2026-10-15,53.39,68.23,77.85
Chainpur__Cabbage__KG__seg1,Chainpur,Cabbage,KG,3,2026-11-15,51.49,65.44,75.87
Chainpur__Chickpeas__KG__seg1,Chainpur,Chickpeas,KG,1,2026-09-15,157.26,162.12,166.1
Chainpur__Chickpeas__KG__seg1,Chainpur,Chickpeas,KG,2,2026-10-15,158.14,161.89,165.57
Chainpur__Chickpeas__KG__seg1,Chainpur,Chickpeas,KG,3,2026-11-15,157.43,161.09,165.05
Chainpur__Eggs__Unit__seg1,Chainpur,Eggs,Unit,1,2026-09-15,20.09,21.69,22.86
Chainpur__Eggs__Unit__seg1,Chainpur,Eggs,Unit,2,2026-10-15,20.53,21.59,22.74
Chainpur__Eggs__Unit__seg1,Chainpur,Eggs,Unit,3,2026-11-15,20.24,21.2,22.43
Chainpur__Lentils (broken)__KG__seg1,Chainpur,Lentils (broken),KG,1,2026-09-15,186.23,194.02,199.21
Chainpur__Lentils (broken)__KG__seg1,Chainpur,Lentils (broken),KG,2,2026-10-15,186.55,192.82,198.1
Chainpur__Lentils (broken)__KG__seg1,Chainpur,Lentils (broken),KG,3,2026-11-15,184.32,190.24,196.17
Chainpur__Meat (chicken)__KG__seg1,Chainpur,Meat (chicken),KG,1,2026-09-15,514.68,557.03,587.14
Chainpur__Meat (chicken)__KG__seg1,Chainpur,Meat (chicken),KG,2,2026-10-15,519.5,552.57,582.29
Chainpur__Meat (chicken)__KG__seg1,Chainpur,Meat (chicken),KG,3,2026-11-15,511.7,543.19,575.46
Chainpur__Milk__L__seg1,Chainpur,Milk,L,1,2026-09-15,99.95,100.69,101.76
Chainpur__Milk__L__seg1,Chainpur,Milk,L,2,2026-10-15,100.12,100.66,101.65
Chainpur__Milk__L__seg1,Chainpur,Milk,L,3,2026-11-15,100.14,100.65,101.71
Chainpur__Oil (mustard)__L__seg1,Chainpur,Oil (mustard),L,1,2026-09-15,325.36,341.38,358.7
Chainpur__Oil (mustard)__L__seg1,Chainpur,Oil (mustard),L,2,2026-10-15,327.88,339.87,356.51
Chainpur__Oil (mustard)__L__seg1,Chainpur,Oil (mustard),L,3,2026-11-15,325.57,337.23,354.72
Chainpur__Oil (soybean)__L__seg1,Chainpur,Oil (soybean),L,1,2026-09-15,271.87,288.06,302.98
Chainpur__Oil (soybean)__L__seg1,Chainpur,Oil (soybean),L,2,2026-10-15,274.42,285.9,299.93
Chainpur__Oil (soybean)__L__seg1,Chainpur,Oil (soybean),L,3,2026-11-15,272.8,283.89,298.69
Chainpur__Potatoes (red)__KG__seg1,Chainpur,Potatoes (red),KG,1,2026-09-15,49.89,51.62,53.87
Chainpur__Potatoes (red)__KG__seg1,Chainpur,Potatoes (red),KG,2,2026-10-15,50.21,51.54,53.57
Chainpur__Potatoes (red)__KG__seg1,Chainpur,Potatoes (red),KG,3,2026-11-15,49.93,51.33,53.41
Chainpur__Pumpkin__KG__seg1,Chainpur,Pumpkin,KG,1,2026-09-15,49.55,72.1,91.23
Chainpur__Pumpkin__KG__seg1,Chainpur,Pumpkin,KG,2,2026-10-15,55.78,73.44,91.74
Chainpur__Pumpkin__KG__seg1,Chainpur,Pumpkin,KG,3,2026-11-15,54.65,71.08,89.21
Chainpur__Rice (coarse)__KG__seg1,Chainpur,Rice (coarse),KG,1,2026-09-15,64.28,70.22,74.35
Chainpur__Rice (coarse)__KG__seg1,Chainpur,Rice (coarse),KG,2,2026-10-15,65.01,70.27,74.22
Chainpur__Rice (coarse)__KG__seg1,Chainpur,Rice (coarse),KG,3,2026-11-15,64.03,69.2,73.66
Chainpur__Rice (medium grain)__KG__seg1,Chainpur,Rice (medium grain),KG,1,2026-09-15,92.52,97.14,100.73
Chainpur__Rice (medium grain)__KG__seg1,Chainpur,Rice (medium grain),KG,2,2026-10-15,92.4,96.68,100.04
Chainpur__Rice (medium grain)__KG__seg1,Chainpur,Rice (medium grain),KG,3,2026-11-15,91.11,95.21,98.94
Chainpur__Tomatoes__KG__seg1,Chainpur,Tomatoes,KG,1,2026-09-15,68.64,98.44,123.65
Chainpur__Tomatoes__KG__seg1,Chainpur,Tomatoes,KG,2,2026-10-15,71.59,95.74,119.3
Chainpur__Tomatoes__KG__seg1,Chainpur,Tomatoes,KG,3,2026-11-15,68.87,90.58,112.48
Chainpur__Wheat flour__KG__seg1,Chainpur,Wheat flour,KG,1,2026-09-15,79.37,85.51,92.13
Chainpur__Wheat flour__KG__seg1,Chainpur,Wheat flour,KG,2,2026-10-15,80.49,86.36,92.22
Chainpur__Wheat flour__KG__seg1,Chainpur,Wheat flour,KG,3,2026-11-15,79.75,85.77,92.04
Dhangadhi__Apples__KG,Dhangadhi,Apples,KG,1,2026-09-15,276.73,313.58,339.94
Dhangadhi__Apples__KG,Dhangadhi,Apples,KG,2,2026-10-15,285.45,312.25,337.36
Dhangadhi__Apples__KG,Dhangadhi,Apples,KG,3,2026-11-15,280.79,307.16,333.91
Dhangadhi__Bananas__Dozen,Dhangadhi,Bananas,Dozen,1,2026-09-15,98.44,114.97,126.33
Dhangadhi__Bananas__Dozen,Dhangadhi,Bananas,Dozen,2,2026-10-15,101.6,113.99,125.17
Dhangadhi__Bananas__Dozen,Dhangadhi,Bananas,Dozen,3,2026-11-15,99.25,110.72,122.8
Dhangadhi__Beans (black)__KG,Dhangadhi,Beans (black),KG,1,2026-09-15,183.64,200.64,212.21
Dhangadhi__Beans (black)__KG,Dhangadhi,Beans (black),KG,2,2026-10-15,186.29,199.47,210.78
Dhangadhi__Beans (black)__KG,Dhangadhi,Beans (black),KG,3,2026-11-15,182.87,195.63,208.25
Dhangadhi__Cabbage__KG__seg1,Dhangadhi,Cabbage,KG,1,2026-09-15,47.93,68.16,81.14
Dhangadhi__Cabbage__KG__seg1,Dhangadhi,Cabbage,KG,2,2026-10-15,51.46,68.82,81.52
Dhangadhi__Cabbage__KG__seg1,Dhangadhi,Cabbage,KG,3,2026-11-15,49.32,65.85,79.42
Dhangadhi__Chickpeas__KG,Dhangadhi,Chickpeas,KG,1,2026-09-15,138.36,147.87,154.72
Dhangadhi__Chickpeas__KG,Dhangadhi,Chickpeas,KG,2,2026-10-15,139.97,147.05,153.61
Dhangadhi__Chickpeas__KG,Dhangadhi,Chickpeas,KG,3,2026-11-15,138.16,144.95,152.1
Dhangadhi__Eggs__Unit,Dhangadhi,Eggs,Unit,1,2026-09-15,15.92,17.95,19.35
Dhangadhi__Eggs__Unit,Dhangadhi,Eggs,Unit,2,2026-10-15,16.41,17.8,19.2
Dhangadhi__Eggs__Unit,Dhangadhi,Eggs,Unit,3,2026-11-15,15.98,17.28,18.81
Dhangadhi__Fish__KG,Dhangadhi,Fish,KG,1,2026-09-15,354.49,375.13,402.77
Dhangadhi__Fish__KG,Dhangadhi,Fish,KG,2,2026-10-15,359.61,370.19,397.07
Dhangadhi__Fish__KG,Dhangadhi,Fish,KG,3,2026-11-15,356.28,367.14,395.1
Dhangadhi__Lentils (broken)__KG,Dhangadhi,Lentils (broken),KG,1,2026-09-15,166.33,180.71,189.94
Dhangadhi__Lentils (broken)__KG,Dhangadhi,Lentils (broken),KG,2,2026-10-15,167.65,178.99,188.43
Dhangadhi__Lentils (broken)__KG,Dhangadhi,Lentils (broken),KG,3,2026-11-15,164.51,175.15,185.87
Dhangadhi__Meat (chicken)__KG,Dhangadhi,Meat (chicken),KG,1,2026-09-15,408.52,446.9,467.52
Dhangadhi__Meat (chicken)__KG,Dhangadhi,Meat (chicken),KG,2,2026-10-15,412.61,443.32,464.4
Dhangadhi__Meat (chicken)__KG,Dhangadhi,Meat (chicken),KG,3,2026-11-15,405.85,434.19,457.91
Dhangadhi__Milk__L,Dhangadhi,Milk,L,1,2026-09-15,86.77,91.65,94.96
Dhangadhi__Milk__L,Dhangadhi,Milk,L,2,2026-10-15,86.79,91.14,94.32
Dhangadhi__Milk__L,Dhangadhi,Milk,L,3,2026-11-15,85.52,89.67,93.23
Dhangadhi__Oil (mustard)__L,Dhangadhi,Oil (mustard),L,1,2026-09-15,296.61,320.56,339.7
Dhangadhi__Oil (mustard)__L,Dhangadhi,Oil (mustard),L,2,2026-10-15,299.73,318.81,337.25
Dhangadhi__Oil (mustard)__L,Dhangadhi,Oil (mustard),L,3,2026-11-15,295.33,314.76,334.71
Dhangadhi__Oil (soybean)__L,Dhangadhi,Oil (soybean),L,1,2026-09-15,264.58,286.69,303.02
Dhangadhi__Oil (soybean)__L,Dhangadhi,Oil (soybean),L,2,2026-10-15,268.06,286.08,301.39
Dhangadhi__Oil (soybean)__L,Dhangadhi,Oil (soybean),L,3,2026-11-15,264.29,282.76,299.32
Dhangadhi__Potatoes (red)__KG,Dhangadhi,Potatoes (red),KG,1,2026-09-15,53.21,58.88,64.4
Dhangadhi__Potatoes (red)__KG,Dhangadhi,Potatoes (red),KG,2,2026-10-15,54.65,58.52,63.17
Dhangadhi__Potatoes (red)__KG,Dhangadhi,Potatoes (red),KG,3,2026-11-15,53.96,57.79,62.44
Dhangadhi__Pumpkin__KG__seg1,Dhangadhi,Pumpkin,KG,1,2026-09-15,50.85,75.74,95.32
Dhangadhi__Pumpkin__KG__seg1,Dhangadhi,Pumpkin,KG,2,2026-10-15,57.08,76.66,95.81
Dhangadhi__Pumpkin__KG__seg1,Dhangadhi,Pumpkin,KG,3,2026-11-15,55.4,73.42,92.88
Dhangadhi__Rice (coarse)__KG,Dhangadhi,Rice (coarse),KG,1,2026-09-15,56.19,61.51,65.33
Dhangadhi__Rice (coarse)__KG,Dhangadhi,Rice (coarse),KG,2,2026-10-15,56.81,61.39,65.1
Dhangadhi__Rice (coarse)__KG,Dhangadhi,Rice (coarse),KG,3,2026-11-15,55.77,60.25,64.42
Dhangadhi__Rice (medium grain)__KG,Dhangadhi,Rice (medium grain),KG,1,2026-09-15,83.54,89.4,93.52
Dhangadhi__Rice (medium grain)__KG,Dhangadhi,Rice (medium grain),KG,2,2026-10-15,83.55,88.87,92.82
Dhangadhi__Rice (medium grain)__KG,Dhangadhi,Rice (medium grain),KG,3,2026-11-15,82.14,87.29,91.72
Dhangadhi__Tomatoes__KG,Dhangadhi,Tomatoes,KG,1,2026-09-15,61.61,94.49,121.98
Dhangadhi__Tomatoes__KG,Dhangadhi,Tomatoes,KG,2,2026-10-15,59.58,87.6,113.68
Dhangadhi__Tomatoes__KG,Dhangadhi,Tomatoes,KG,3,2026-11-15,52.51,78.89,103.36
Dhangadhi__Wheat flour__KG,Dhangadhi,Wheat flour,KG,1,2026-09-15,68.37,74.78,80.37
Dhangadhi__Wheat flour__KG,Dhangadhi,Wheat flour,KG,2,2026-10-15,68.78,74.49,79.74
Dhangadhi__Wheat flour__KG,Dhangadhi,Wheat flour,KG,3,2026-11-15,67.52,73.18,78.93
Dhankuta__Apples__KG,Dhankuta,Apples,KG,1,2026-09-15,339.76,377.35,404.68
Dhankuta__Apples__KG,Dhankuta,Apples,KG,2,2026-10-15,348.47,377.08,402.75
Dhankuta__Apples__KG,Dhankuta,Apples,KG,3,2026-11-15,342.85,370.46,397.12
Dhankuta__Bananas__Dozen,Dhankuta,Bananas,Dozen,1,2026-09-15,106.5,123.97,139.55
Dhankuta__Bananas__Dozen,Dhankuta,Bananas,Dozen,2,2026-10-15,111.14,124.38,138.9
Dhankuta__Bananas__Dozen,Dhankuta,Bananas,Dozen,3,2026-11-15,109.48,121.68,136.49
Dhankuta__Beans (black)__KG,Dhankuta,Beans (black),KG,1,2026-09-15,192.98,207.9,222.56
Dhankuta__Beans (black)__KG,Dhankuta,Beans (black),KG,2,2026-10-15,194.38,205.25,219.22
Dhankuta__Beans (black)__KG,Dhankuta,Beans (black),KG,3,2026-11-15,190.76,200.89,215.73
Dhankuta__Cabbage__KG,Dhankuta,Cabbage,KG,1,2026-09-15,27.24,39.26,52.13
Dhankuta__Cabbage__KG,Dhankuta,Cabbage,KG,2,2026-10-15,27.83,37.38,48.91
Dhankuta__Cabbage__KG,Dhankuta,Cabbage,KG,3,2026-11-15,25.54,34.05,44.41
Dhankuta__Carrots__KG__seg1,Dhankuta,Carrots,KG,1,2026-09-15,43.37,61.93,80.75
Dhankuta__Carrots__KG__seg1,Dhankuta,Carrots,KG,2,2026-10-15,41.99,58.31,75.62
Dhankuta__Carrots__KG__seg1,Dhankuta,Carrots,KG,3,2026-11-15,37.53,53.18,69.21
Dhankuta__Chickpeas__KG,Dhankuta,Chickpeas,KG,1,2026-09-15,124.81,134.06,140.76
Dhankuta__Chickpeas__KG,Dhankuta,Chickpeas,KG,2,2026-10-15,126.55,132.86,138.95
Dhankuta__Chickpeas__KG,Dhankuta,Chickpeas,KG,3,2026-11-15,124.28,129.97,136.01
Dhankuta__Eggs__Unit,Dhankuta,Eggs,Unit,1,2026-09-15,18.35,21.99,24.35
Dhankuta__Eggs__Unit,Dhankuta,Eggs,Unit,2,2026-10-15,18.93,21.92,24.24
Dhankuta__Eggs__Unit,Dhankuta,Eggs,Unit,3,2026-11-15,18.43,21.08,23.71
Dhankuta__Fish__KG__seg1,Dhankuta,Fish,KG,1,2026-09-15,402.08,419.06,439.73
Dhankuta__Fish__KG__seg1,Dhankuta,Fish,KG,2,2026-10-15,404.37,415.48,434.87
Dhankuta__Fish__KG__seg1,Dhankuta,Fish,KG,3,2026-11-15,402.03,412.04,431.47
Dhankuta__Lentils (broken)__KG,Dhankuta,Lentils (broken),KG,1,2026-09-15,156.14,164.02,176.46
Dhankuta__Lentils (broken)__KG,Dhankuta,Lentils (broken),KG,2,2026-10-15,156.79,163.04,174.64
Dhankuta__Lentils (broken)__KG,Dhankuta,Lentils (broken),KG,3,2026-11-15,154.68,160.27,172.14
Dhankuta__Meat (chicken)__KG,Dhankuta,Meat (chicken),KG,1,2026-09-15,422.24,453.6,474.66
Dhankuta__Meat (chicken)__KG,Dhankuta,Meat (chicken),KG,2,2026-10-15,426.65,452.32,472.5
Dhankuta__Meat (chicken)__KG,Dhankuta,Meat (chicken),KG,3,2026-11-15,420.98,444.7,466.02
Dhankuta__Milk__L,Dhankuta,Milk,L,1,2026-09-15,80.74,83.95,86.75
Dhankuta__Milk__L,Dhankuta,Milk,L,2,2026-10-15,81.13,84.27,86.86
Dhankuta__Milk__L,Dhankuta,Milk,L,3,2026-11-15,80.67,83.72,86.5
Dhankuta__Oil (mustard)__L,Dhankuta,Oil (mustard),L,1,2026-09-15,326.48,343.83,365.88
Dhankuta__Oil (mustard)__L,Dhankuta,Oil (mustard),L,2,2026-10-15,327.42,341.2,362.71
Dhankuta__Oil (mustard)__L,Dhankuta,Oil (mustard),L,3,2026-11-15,323.0,336.53,359.23
Dhankuta__Oil (soybean)__L,Dhankuta,Oil (soybean),L,1,2026-09-15,280.58,301.7,318.36
Dhankuta__Oil (soybean)__L,Dhankuta,Oil (soybean),L,2,2026-10-15,280.01,297.92,313.74
Dhankuta__Oil (soybean)__L,Dhankuta,Oil (soybean),L,3,2026-11-15,273.5,290.09,306.97
Dhankuta__Peanut__KG,Dhankuta,Peanut,KG,1,2026-09-15,239.3,253.68,274.39
Dhankuta__Peanut__KG,Dhankuta,Peanut,KG,2,2026-10-15,242.65,254.25,273.23
Dhankuta__Peanut__KG,Dhankuta,Peanut,KG,3,2026-11-15,239.92,252.03,272.23
Dhankuta__Potatoes (red)__KG,Dhankuta,Potatoes (red),KG,1,2026-09-15,44.24,57.38,70.31
Dhankuta__Potatoes (red)__KG,Dhankuta,Potatoes (red),KG,2,2026-10-15,45.48,55.41,65.75
Dhankuta__Potatoes (red)__KG,Dhankuta,Potatoes (red),KG,3,2026-11-15,43.1,51.81,60.43
Dhankuta__Pumpkin__KG,Dhankuta,Pumpkin,KG,1,2026-09-15,52.32,60.25,66.81
Dhankuta__Pumpkin__KG,Dhankuta,Pumpkin,KG,2,2026-10-15,54.5,60.69,66.83
Dhankuta__Pumpkin__KG,Dhankuta,Pumpkin,KG,3,2026-11-15,53.69,59.21,65.31
Dhankuta__Rice (coarse)__KG__seg3,Dhankuta,Rice (coarse),KG,1,2026-09-15,54.17,58.89,62.45
Dhankuta__Rice (coarse)__KG__seg3,Dhankuta,Rice (coarse),KG,2,2026-10-15,54.81,58.77,62.22
Dhankuta__Rice (coarse)__KG__seg3,Dhankuta,Rice (coarse),KG,3,2026-11-15,53.95,57.79,61.57
Dhankuta__Rice (medium grain)__KG,Dhankuta,Rice (medium grain),KG,1,2026-09-15,66.79,70.21,73.66
Dhankuta__Rice (medium grain)__KG,Dhankuta,Rice (medium grain),KG,2,2026-10-15,65.9,68.59,71.93
Dhankuta__Rice (medium grain)__KG,Dhankuta,Rice (medium grain),KG,3,2026-11-15,63.95,66.32,69.67
Dhankuta__Tomatoes__KG,Dhankuta,Tomatoes,KG,1,2026-09-15,38.24,58.61,79.37
Dhankuta__Tomatoes__KG,Dhankuta,Tomatoes,KG,2,2026-10-15,33.96,52.96,72.76
Dhankuta__Tomatoes__KG,Dhankuta,Tomatoes,KG,3,2026-11-15,28.03,46.98,66.21
Dhankuta__Wheat flour__KG__seg3,Dhankuta,Wheat flour,KG,1,2026-09-15,83.31,93.51,101.66
Dhankuta__Wheat flour__KG__seg3,Dhankuta,Wheat flour,KG,2,2026-10-15,83.93,92.34,100.48
Dhankuta__Wheat flour__KG__seg3,Dhankuta,Wheat flour,KG,3,2026-11-15,81.54,89.41,98.21
Dunai__Apples__KG__seg1,Dunai,Apples,KG,1,2026-09-15,104.32,197.7,287.88
Dunai__Apples__KG__seg1,Dunai,Apples,KG,2,2026-10-15,139.55,191.76,252.33
Dunai__Apples__KG__seg1,Dunai,Apples,KG,3,2026-11-15,127.5,176.12,236.48
Dunai__Bananas__Dozen__seg1,Dunai,Bananas,Dozen,1,2026-09-15,296.94,385.14,456.12
Dunai__Bananas__Dozen__seg1,Dunai,Bananas,Dozen,2,2026-10-15,325.85,384.18,443.01
Dunai__Bananas__Dozen__seg1,Dunai,Bananas,Dozen,3,2026-11-15,314.76,373.08,435.97
Dunai__Beans (black)__KG,Dunai,Beans (black),KG,1,2026-09-15,216.59,230.57,252.17
Dunai__Beans (black)__KG,Dunai,Beans (black),KG,2,2026-10-15,220.27,227.5,246.4
Dunai__Beans (black)__KG,Dunai,Beans (black),KG,3,2026-11-15,218.37,225.85,245.85
Dunai__Cabbage__KG,Dunai,Cabbage,KG,1,2026-09-15,57.64,76.87,97.66
Dunai__Cabbage__KG,Dunai,Cabbage,KG,2,2026-10-15,64.39,77.19,93.8
Dunai__Cabbage__KG,Dunai,Cabbage,KG,3,2026-11-15,64.47,76.15,92.17
Dunai__Carrots__KG__seg1,Dunai,Carrots,KG,1,2026-09-15,111.98,150.15,187.94
Dunai__Carrots__KG__seg1,Dunai,Carrots,KG,2,2026-10-15,125.82,149.84,177.04
Dunai__Carrots__KG__seg1,Dunai,Carrots,KG,3,2026-11-15,125.45,146.69,171.86
Dunai__Chickpeas__KG,Dunai,Chickpeas,KG,1,2026-09-15,176.06,211.15,244.02
Dunai__Chickpeas__KG,Dunai,Chickpeas,KG,2,2026-10-15,191.2,212.42,239.02
Dunai__Chickpeas__KG,Dunai,Chickpeas,KG,3,2026-11-15,190.54,211.46,240.04
Dunai__Eggs__Unit,Dunai,Eggs,Unit,1,2026-09-15,26.07,30.55,34.05
Dunai__Eggs__Unit,Dunai,Eggs,Unit,2,2026-10-15,27.74,30.84,34.0
Dunai__Eggs__Unit,Dunai,Eggs,Unit,3,2026-11-15,27.5,30.57,33.87
Dunai__Lentils (broken)__KG,Dunai,Lentils (broken),KG,1,2026-09-15,198.04,210.36,226.25
Dunai__Lentils (broken)__KG,Dunai,Lentils (broken),KG,2,2026-10-15,201.87,209.12,223.45
Dunai__Lentils (broken)__KG,Dunai,Lentils (broken),KG,3,2026-11-15,201.43,208.46,223.5
Dunai__Meat (chicken)__KG,Dunai,Meat (chicken),KG,1,2026-09-15,591.53,652.15,702.95
Dunai__Meat (chicken)__KG,Dunai,Meat (chicken),KG,2,2026-10-15,605.54,644.8,690.3
Dunai__Meat (chicken)__KG,Dunai,Meat (chicken),KG,3,2026-11-15,599.15,637.58,685.51
Dunai__Oil (mustard)__L,Dunai,Oil (mustard),L,1,2026-09-15,398.13,430.69,449.55
Dunai__Oil (mustard)__L,Dunai,Oil (mustard),L,2,2026-10-15,401.41,429.37,447.36
Dunai__Oil (mustard)__L,Dunai,Oil (mustard),L,3,2026-11-15,396.22,423.57,443.79
Dunai__Oil (soybean)__L,Dunai,Oil (soybean),L,1,2026-09-15,313.22,335.59,359.51
Dunai__Oil (soybean)__L,Dunai,Oil (soybean),L,2,2026-10-15,316.89,334.05,357.08
Dunai__Oil (soybean)__L,Dunai,Oil (soybean),L,3,2026-11-15,311.59,329.9,355.13
Dunai__Peanut__KG__seg1,Dunai,Peanut,KG,1,2026-09-15,425.85,534.64,656.14
Dunai__Peanut__KG__seg1,Dunai,Peanut,KG,2,2026-10-15,467.79,545.84,650.17
Dunai__Peanut__KG__seg1,Dunai,Peanut,KG,3,2026-11-15,472.86,550.23,664.46
Dunai__Rice (coarse)__KG,Dunai,Rice (coarse),KG,1,2026-09-15,83.58,88.92,93.15
Dunai__Rice (coarse)__KG,Dunai,Rice (coarse),KG,2,2026-10-15,84.37,89.02,92.96
Dunai__Rice (coarse)__KG,Dunai,Rice (coarse),KG,3,2026-11-15,83.53,88.13,92.48
Dunai__Rice (medium grain)__KG,Dunai,Rice (medium grain),KG,1,2026-09-15,127.69,138.92,155.95
Dunai__Rice (medium grain)__KG,Dunai,Rice (medium grain),KG,2,2026-10-15,131.35,138.72,153.78
Dunai__Rice (medium grain)__KG,Dunai,Rice (medium grain),KG,3,2026-11-15,130.75,138.09,154.17
Dunai__Tomatoes__KG,Dunai,Tomatoes,KG,1,2026-09-15,144.66,184.39,225.77
Dunai__Tomatoes__KG,Dunai,Tomatoes,KG,2,2026-10-15,164.81,187.65,216.91
Dunai__Tomatoes__KG,Dunai,Tomatoes,KG,3,2026-11-15,164.07,185.5,214.83
Dunai__Wheat flour__KG,Dunai,Wheat flour,KG,1,2026-09-15,87.37,92.38,101.09
Dunai__Wheat flour__KG,Dunai,Wheat flour,KG,2,2026-10-15,88.9,92.42,100.27
Dunai__Wheat flour__KG,Dunai,Wheat flour,KG,3,2026-11-15,89.01,92.51,100.68
Gamgadhi__Apples__KG__seg1,Gamgadhi,Apples,KG,1,2026-09-15,73.14,188.48,302.23
Gamgadhi__Apples__KG__seg1,Gamgadhi,Apples,KG,2,2026-10-15,120.43,185.69,265.01
Gamgadhi__Apples__KG__seg1,Gamgadhi,Apples,KG,3,2026-11-15,108.35,168.85,246.31
Gamgadhi__Bananas__Dozen__seg1,Gamgadhi,Bananas,Dozen,1,2026-09-15,172.34,202.0,226.14
Gamgadhi__Bananas__Dozen__seg1,Gamgadhi,Bananas,Dozen,2,2026-10-15,176.8,197.57,221.2
Gamgadhi__Bananas__Dozen__seg1,Gamgadhi,Bananas,Dozen,3,2026-11-15,170.75,189.51,214.31
Gamgadhi__Beans (black)__KG,Gamgadhi,Beans (black),KG,1,2026-09-15,205.11,216.16,230.09
Gamgadhi__Beans (black)__KG,Gamgadhi,Beans (black),KG,2,2026-10-15,206.1,213.69,226.36
Gamgadhi__Beans (black)__KG,Gamgadhi,Beans (black),KG,3,2026-11-15,202.78,210.6,223.98
Gamgadhi__Cabbage__KG,Gamgadhi,Cabbage,KG,1,2026-09-15,48.51,63.59,77.28
Gamgadhi__Cabbage__KG,Gamgadhi,Cabbage,KG,2,2026-10-15,50.8,63.32,76.48
Gamgadhi__Cabbage__KG,Gamgadhi,Cabbage,KG,3,2026-11-15,49.92,61.52,74.22
Gamgadhi__Carrots__KG__seg1,Gamgadhi,Carrots,KG,1,2026-09-15,100.02,133.21,159.8
Gamgadhi__Carrots__KG__seg1,Gamgadhi,Carrots,KG,2,2026-10-15,98.39,128.23,154.41
Gamgadhi__Carrots__KG__seg1,Gamgadhi,Carrots,KG,3,2026-11-15,91.22,120.48,146.36
Gamgadhi__Chickpeas__KG,Gamgadhi,Chickpeas,KG,1,2026-09-15,178.49,202.76,237.19
Gamgadhi__Chickpeas__KG,Gamgadhi,Chickpeas,KG,2,2026-10-15,184.93,198.76,228.44
Gamgadhi__Chickpeas__KG,Gamgadhi,Chickpeas,KG,3,2026-11-15,181.47,196.11,227.0
Gamgadhi__Eggs__Unit,Gamgadhi,Eggs,Unit,1,2026-09-15,21.34,25.86,30.25
Gamgadhi__Eggs__Unit,Gamgadhi,Eggs,Unit,2,2026-10-15,23.62,26.48,30.37
Gamgadhi__Eggs__Unit,Gamgadhi,Eggs,Unit,3,2026-11-15,23.45,26.28,30.26
Gamgadhi__Lentils (broken)__KG,Gamgadhi,Lentils (broken),KG,1,2026-09-15,188.25,197.83,211.44
Gamgadhi__Lentils (broken)__KG,Gamgadhi,Lentils (broken),KG,2,2026-10-15,189.81,195.72,208.4
Gamgadhi__Lentils (broken)__KG,Gamgadhi,Lentils (broken),KG,3,2026-11-15,187.6,193.75,206.9
Gamgadhi__Meat (chicken)__KG,Gamgadhi,Meat (chicken),KG,1,2026-09-15,612.75,655.16,694.64
Gamgadhi__Meat (chicken)__KG,Gamgadhi,Meat (chicken),KG,2,2026-10-15,620.13,650.58,688.67
Gamgadhi__Meat (chicken)__KG,Gamgadhi,Meat (chicken),KG,3,2026-11-15,613.02,642.32,682.03
Gamgadhi__Milk__L,Gamgadhi,Milk,L,1,2026-09-15,196.21,210.88,224.65
Gamgadhi__Milk__L,Gamgadhi,Milk,L,2,2026-10-15,197.88,211.14,223.75
Gamgadhi__Milk__L,Gamgadhi,Milk,L,3,2026-11-15,195.14,208.37,222.05
Gamgadhi__Oil (mustard)__L,Gamgadhi,Oil (mustard),L,1,2026-09-15,385.96,418.89,440.59
Gamgadhi__Oil (mustard)__L,Gamgadhi,Oil (mustard),L,2,2026-10-15,390.12,417.53,438.1
Gamgadhi__Oil (mustard)__L,Gamgadhi,Oil (mustard),L,3,2026-11-15,384.91,412.09,434.63
Gamgadhi__Oil (soybean)__L,Gamgadhi,Oil (soybean),L,1,2026-09-15,300.23,321.63,343.46
Gamgadhi__Oil (soybean)__L,Gamgadhi,Oil (soybean),L,2,2026-10-15,301.75,318.1,339.08
Gamgadhi__Oil (soybean)__L,Gamgadhi,Oil (soybean),L,3,2026-11-15,296.54,313.76,336.55
Gamgadhi__Rice (coarse)__KG,Gamgadhi,Rice (coarse),KG,1,2026-09-15,76.13,82.52,87.67
Gamgadhi__Rice (coarse)__KG,Gamgadhi,Rice (coarse),KG,2,2026-10-15,76.92,82.38,87.25
Gamgadhi__Rice (coarse)__KG,Gamgadhi,Rice (coarse),KG,3,2026-11-15,75.65,81.04,86.4
Gamgadhi__Rice (medium grain)__KG,Gamgadhi,Rice (medium grain),KG,1,2026-09-15,120.51,125.93,140.61
Gamgadhi__Rice (medium grain)__KG,Gamgadhi,Rice (medium grain),KG,2,2026-10-15,122.1,125.61,139.44
Gamgadhi__Rice (medium grain)__KG,Gamgadhi,Rice (medium grain),KG,3,2026-11-15,121.61,125.12,139.73
Gamgadhi__Tomatoes__KG,Gamgadhi,Tomatoes,KG,1,2026-09-15,95.64,139.22,177.84
Gamgadhi__Tomatoes__KG,Gamgadhi,Tomatoes,KG,2,2026-10-15,95.2,130.5,165.73
Gamgadhi__Tomatoes__KG,Gamgadhi,Tomatoes,KG,3,2026-11-15,88.65,120.91,152.83
Gamgadhi__Wheat flour__KG,Gamgadhi,Wheat flour,KG,1,2026-09-15,85.82,93.21,102.09
Gamgadhi__Wheat flour__KG,Gamgadhi,Wheat flour,KG,2,2026-10-15,84.98,91.17,99.62
Gamgadhi__Wheat flour__KG,Gamgadhi,Wheat flour,KG,3,2026-11-15,81.91,88.05,96.93
Hetauda__Apples__KG,Hetauda,Apples,KG,1,2026-09-15,284.91,347.55,383.59
Hetauda__Apples__KG,Hetauda,Apples,KG,2,2026-10-15,300.62,348.15,381.59
Hetauda__Apples__KG,Hetauda,Apples,KG,3,2026-11-15,292.92,338.66,374.03
Hetauda__Bananas__Dozen,Hetauda,Bananas,Dozen,1,2026-09-15,101.73,125.35,144.47
Hetauda__Bananas__Dozen,Hetauda,Bananas,Dozen,2,2026-10-15,104.26,121.67,141.12
Hetauda__Bananas__Dozen,Hetauda,Bananas,Dozen,3,2026-11-15,99.26,114.69,134.25
Hetauda__Beans (black)__KG,Hetauda,Beans (black),KG,1,2026-09-15,174.03,194.63,209.36
Hetauda__Beans (black)__KG,Hetauda,Beans (black),KG,2,2026-10-15,177.56,193.05,208.01
Hetauda__Beans (black)__KG,Hetauda,Beans (black),KG,3,2026-11-15,174.2,188.93,205.44
Hetauda__Cabbage__KG,Hetauda,Cabbage,KG,1,2026-09-15,48.13,64.37,76.98
Hetauda__Cabbage__KG,Hetauda,Cabbage,KG,2,2026-10-15,49.9,63.92,76.37
Hetauda__Cabbage__KG,Hetauda,Cabbage,KG,3,2026-11-15,46.73,60.3,73.31
Hetauda__Carrots__KG__seg1,Hetauda,Carrots,KG,1,2026-09-15,89.52,128.62,154.53
Hetauda__Carrots__KG__seg1,Hetauda,Carrots,KG,2,2026-10-15,87.83,124.51,150.45
Hetauda__Carrots__KG__seg1,Hetauda,Carrots,KG,3,2026-11-15,76.79,113.7,142.09
Hetauda__Chickpeas__KG,Hetauda,Chickpeas,KG,1,2026-09-15,129.79,139.89,151.18
Hetauda__Chickpeas__KG,Hetauda,Chickpeas,KG,2,2026-10-15,131.91,138.11,147.86
Hetauda__Chickpeas__KG,Hetauda,Chickpeas,KG,3,2026-11-15,129.65,135.92,145.77
Hetauda__Eggs__Unit,Hetauda,Eggs,Unit,1,2026-09-15,17.44,20.76,23.28
Hetauda__Eggs__Unit,Hetauda,Eggs,Unit,2,2026-10-15,18.33,20.71,23.22
Hetauda__Eggs__Unit,Hetauda,Eggs,Unit,3,2026-11-15,17.94,20.15,22.89
Hetauda__Lentils (broken)__KG,Hetauda,Lentils (broken),KG,1,2026-09-15,143.69,153.23,168.49
Hetauda__Lentils (broken)__KG,Hetauda,Lentils (broken),KG,2,2026-10-15,144.66,150.61,164.83
Hetauda__Lentils (broken)__KG,Hetauda,Lentils (broken),KG,3,2026-11-15,142.31,148.16,162.64
Hetauda__Meat (chicken)__KG,Hetauda,Meat (chicken),KG,1,2026-09-15,367.85,412.8,446.12
Hetauda__Meat (chicken)__KG,Hetauda,Meat (chicken),KG,2,2026-10-15,375.06,406.9,436.01
Hetauda__Meat (chicken)__KG,Hetauda,Meat (chicken),KG,3,2026-11-15,366.67,396.08,424.19
Hetauda__Milk__L,Hetauda,Milk,L,1,2026-09-15,101.56,109.75,115.41
Hetauda__Milk__L,Hetauda,Milk,L,2,2026-10-15,101.76,108.91,114.55
Hetauda__Milk__L,Hetauda,Milk,L,3,2026-11-15,99.78,106.47,112.7
Hetauda__Oil (mustard)__L,Hetauda,Oil (mustard),L,1,2026-09-15,292.92,325.44,352.68
Hetauda__Oil (mustard)__L,Hetauda,Oil (mustard),L,2,2026-10-15,300.04,322.26,348.26
Hetauda__Oil (mustard)__L,Hetauda,Oil (mustard),L,3,2026-11-15,296.0,318.65,346.09
Hetauda__Oil (soybean)__L,Hetauda,Oil (soybean),L,1,2026-09-15,274.99,304.52,325.44
Hetauda__Oil (soybean)__L,Hetauda,Oil (soybean),L,2,2026-10-15,279.98,303.13,322.82
Hetauda__Oil (soybean)__L,Hetauda,Oil (soybean),L,3,2026-11-15,275.46,298.29,319.11
Hetauda__Peanut__KG,Hetauda,Peanut,KG,1,2026-09-15,210.9,255.82,285.57
Hetauda__Peanut__KG,Hetauda,Peanut,KG,2,2026-10-15,222.32,258.63,286.1
Hetauda__Peanut__KG,Hetauda,Peanut,KG,3,2026-11-15,216.95,253.1,283.24
Hetauda__Potatoes (red)__KG,Hetauda,Potatoes (red),KG,1,2026-09-15,40.26,52.16,65.28
Hetauda__Potatoes (red)__KG,Hetauda,Potatoes (red),KG,2,2026-10-15,43.31,51.01,60.77
Hetauda__Potatoes (red)__KG,Hetauda,Potatoes (red),KG,3,2026-11-15,42.86,49.37,58.26
Hetauda__Rice (coarse)__KG,Hetauda,Rice (coarse),KG,1,2026-09-15,52.25,56.39,59.86
Hetauda__Rice (coarse)__KG,Hetauda,Rice (coarse),KG,2,2026-10-15,52.56,55.76,59.09
Hetauda__Rice (coarse)__KG,Hetauda,Rice (coarse),KG,3,2026-11-15,51.16,54.16,57.62
Hetauda__Rice (medium grain)__KG,Hetauda,Rice (medium grain),KG,1,2026-09-15,81.14,86.58,91.01
Hetauda__Rice (medium grain)__KG,Hetauda,Rice (medium grain),KG,2,2026-10-15,81.18,85.48,89.95
Hetauda__Rice (medium grain)__KG,Hetauda,Rice (medium grain),KG,3,2026-11-15,79.44,83.43,88.29
Hetauda__Tomatoes__KG,Hetauda,Tomatoes,KG,1,2026-09-15,66.11,93.77,116.13
Hetauda__Tomatoes__KG,Hetauda,Tomatoes,KG,2,2026-10-15,61.89,88.3,110.91
Hetauda__Tomatoes__KG,Hetauda,Tomatoes,KG,3,2026-11-15,53.8,80.38,103.99
Hetauda__Wheat flour__KG,Hetauda,Wheat flour,KG,1,2026-09-15,74.53,79.49,87.83
Hetauda__Wheat flour__KG,Hetauda,Wheat flour,KG,2,2026-10-15,74.9,78.57,86.47
Hetauda__Wheat flour__KG,Hetauda,Wheat flour,KG,3,2026-11-15,73.79,77.66,85.84
Janakpurdham__Apples__KG,Janakpurdham,Apples,KG,1,2026-09-15,193.86,239.84,275.97
Janakpurdham__Apples__KG,Janakpurdham,Apples,KG,2,2026-10-15,205.17,235.66,266.61
Janakpurdham__Apples__KG,Janakpurdham,Apples,KG,3,2026-11-15,196.17,222.63,250.74
Janakpurdham__Bananas__Dozen,Janakpurdham,Bananas,Dozen,1,2026-09-15,90.86,111.03,126.44
Janakpurdham__Bananas__Dozen,Janakpurdham,Bananas,Dozen,2,2026-10-15,94.1,109.56,124.92
Janakpurdham__Bananas__Dozen,Janakpurdham,Bananas,Dozen,3,2026-11-15,90.83,104.4,120.48
Janakpurdham__Beans (black)__KG__seg1,Janakpurdham,Beans (black),KG,1,2026-09-15,194.61,205.18,216.29
Janakpurdham__Beans (black)__KG__seg1,Janakpurdham,Beans (black),KG,2,2026-10-15,195.83,203.5,214.02
Janakpurdham__Beans (black)__KG__seg1,Janakpurdham,Beans (black),KG,3,2026-11-15,193.61,200.91,212.12
Janakpurdham__Cabbage__KG,Janakpurdham,Cabbage,KG,1,2026-09-15,50.3,69.57,84.82
Janakpurdham__Cabbage__KG,Janakpurdham,Cabbage,KG,2,2026-10-15,50.25,66.49,81.45
Janakpurdham__Cabbage__KG,Janakpurdham,Cabbage,KG,3,2026-11-15,44.82,60.0,75.41
Janakpurdham__Carrots__KG__seg1,Janakpurdham,Carrots,KG,1,2026-09-15,84.61,122.04,156.13
Janakpurdham__Carrots__KG__seg1,Janakpurdham,Carrots,KG,2,2026-10-15,76.92,111.76,145.05
Janakpurdham__Carrots__KG__seg1,Janakpurdham,Carrots,KG,3,2026-11-15,65.69,100.36,133.1
Janakpurdham__Chickpeas__KG,Janakpurdham,Chickpeas,KG,1,2026-09-15,110.8,117.87,123.27
Janakpurdham__Chickpeas__KG,Janakpurdham,Chickpeas,KG,2,2026-10-15,111.92,116.59,121.52
Janakpurdham__Chickpeas__KG,Janakpurdham,Chickpeas,KG,3,2026-11-15,109.9,114.13,119.02
Janakpurdham__Eggs__Unit,Janakpurdham,Eggs,Unit,1,2026-09-15,19.13,21.54,23.96
Janakpurdham__Eggs__Unit,Janakpurdham,Eggs,Unit,2,2026-10-15,19.72,21.53,23.73
Janakpurdham__Eggs__Unit,Janakpurdham,Eggs,Unit,3,2026-11-15,19.49,21.09,23.43
Janakpurdham__Fish__KG,Janakpurdham,Fish,KG,1,2026-09-15,366.75,383.15,393.58
Janakpurdham__Fish__KG,Janakpurdham,Fish,KG,2,2026-10-15,369.5,382.56,392.5
Janakpurdham__Fish__KG,Janakpurdham,Fish,KG,3,2026-11-15,366.63,378.31,388.91
Janakpurdham__Lentils (broken)__KG,Janakpurdham,Lentils (broken),KG,1,2026-09-15,150.49,156.66,165.33
Janakpurdham__Lentils (broken)__KG,Janakpurdham,Lentils (broken),KG,2,2026-10-15,151.28,156.1,164.21
Janakpurdham__Lentils (broken)__KG,Janakpurdham,Lentils (broken),KG,3,2026-11-15,149.94,154.27,162.76
Janakpurdham__Meat (chicken)__KG,Janakpurdham,Meat (chicken),KG,1,2026-09-15,377.07,404.79,423.77
Janakpurdham__Meat (chicken)__KG,Janakpurdham,Meat (chicken),KG,2,2026-10-15,379.24,401.42,419.99
Janakpurdham__Meat (chicken)__KG,Janakpurdham,Meat (chicken),KG,3,2026-11-15,372.81,392.56,412.3
Janakpurdham__Milk__L,Janakpurdham,Milk,L,1,2026-09-15,96.38,100.58,103.9
Janakpurdham__Milk__L,Janakpurdham,Milk,L,2,2026-10-15,96.32,100.1,103.37
Janakpurdham__Milk__L,Janakpurdham,Milk,L,3,2026-11-15,95.06,98.56,102.11
Janakpurdham__Oil (mustard)__L,Janakpurdham,Oil (mustard),L,1,2026-09-15,296.97,315.08,334.01
Janakpurdham__Oil (mustard)__L,Janakpurdham,Oil (mustard),L,2,2026-10-15,297.4,311.88,330.12
Janakpurdham__Oil (mustard)__L,Janakpurdham,Oil (mustard),L,3,2026-11-15,292.07,305.95,325.11
Janakpurdham__Oil (soybean)__L,Janakpurdham,Oil (soybean),L,1,2026-09-15,267.64,286.54,302.87
Janakpurdham__Oil (soybean)__L,Janakpurdham,Oil (soybean),L,2,2026-10-15,267.77,283.68,299.19
Janakpurdham__Oil (soybean)__L,Janakpurdham,Oil (soybean),L,3,2026-11-15,262.39,277.57,293.99
Janakpurdham__Peanut__KG__seg1,Janakpurdham,Peanut,KG,1,2026-09-15,214.84,230.84,252.68
Janakpurdham__Peanut__KG__seg1,Janakpurdham,Peanut,KG,2,2026-10-15,219.42,230.32,249.54
Janakpurdham__Peanut__KG__seg1,Janakpurdham,Peanut,KG,3,2026-11-15,217.23,228.62,248.66
Janakpurdham__Potatoes (red)__KG,Janakpurdham,Potatoes (red),KG,1,2026-09-15,32.14,42.14,53.54
Janakpurdham__Potatoes (red)__KG,Janakpurdham,Potatoes (red),KG,2,2026-10-15,32.03,39.0,47.07
Janakpurdham__Potatoes (red)__KG,Janakpurdham,Potatoes (red),KG,3,2026-11-15,31.12,37.05,43.72
Janakpurdham__Pumpkin__KG,Janakpurdham,Pumpkin,KG,1,2026-09-15,54.63,63.11,69.66
Janakpurdham__Pumpkin__KG,Janakpurdham,Pumpkin,KG,2,2026-10-15,56.5,63.2,69.36
Janakpurdham__Pumpkin__KG,Janakpurdham,Pumpkin,KG,3,2026-11-15,55.67,61.6,68.19
Janakpurdham__Rice (coarse)__KG,Janakpurdham,Rice (coarse),KG,1,2026-09-15,55.83,60.57,64.14
Janakpurdham__Rice (coarse)__KG,Janakpurdham,Rice (coarse),KG,2,2026-10-15,56.41,60.43,63.92
Janakpurdham__Rice (coarse)__KG,Janakpurdham,Rice (coarse),KG,3,2026-11-15,55.53,59.42,63.31
Janakpurdham__Rice (medium grain)__KG,Janakpurdham,Rice (medium grain),KG,1,2026-09-15,73.87,79.66,84.55
Janakpurdham__Rice (medium grain)__KG,Janakpurdham,Rice (medium grain),KG,2,2026-10-15,73.51,78.3,83.21
Janakpurdham__Rice (medium grain)__KG,Janakpurdham,Rice (medium grain),KG,3,2026-11-15,71.64,75.91,81.31
Janakpurdham__Tomatoes__KG,Janakpurdham,Tomatoes,KG,1,2026-09-15,67.8,103.36,138.03
Janakpurdham__Tomatoes__KG,Janakpurdham,Tomatoes,KG,2,2026-10-15,60.07,93.8,127.13
Janakpurdham__Tomatoes__KG,Janakpurdham,Tomatoes,KG,3,2026-11-15,49.23,83.42,116.57
Janakpurdham__Wheat flour__KG,Janakpurdham,Wheat flour,KG,1,2026-09-15,73.31,77.57,82.1
Janakpurdham__Wheat flour__KG,Janakpurdham,Wheat flour,KG,2,2026-10-15,74.02,77.71,81.98
Janakpurdham__Wheat flour__KG,Janakpurdham,Wheat flour,KG,3,2026-11-15,73.54,77.21,81.76
Jumla Khalanga__Apples__KG__seg1,Jumla Khalanga,Apples,KG,1,2026-09-15,125.87,219.47,308.69
Jumla Khalanga__Apples__KG__seg1,Jumla Khalanga,Apples,KG,2,2026-10-15,165.51,216.65,279.02
Jumla Khalanga__Apples__KG__seg1,Jumla Khalanga,Apples,KG,3,2026-11-15,153.32,201.21,263.17
Jumla Khalanga__Bananas__Dozen,Jumla Khalanga,Bananas,Dozen,1,2026-09-15,129.32,154.72,177.41
Jumla Khalanga__Bananas__Dozen,Jumla Khalanga,Bananas,Dozen,2,2026-10-15,133.42,150.76,172.09
Jumla Khalanga__Bananas__Dozen,Jumla Khalanga,Bananas,Dozen,3,2026-11-15,127.71,143.58,164.74
Jumla Khalanga__Beans (black)__KG,Jumla Khalanga,Beans (black),KG,1,2026-09-15,199.86,211.93,225.81
Jumla Khalanga__Beans (black)__KG,Jumla Khalanga,Beans (black),KG,2,2026-10-15,201.55,210.17,222.78
Jumla Khalanga__Beans (black)__KG,Jumla Khalanga,Beans (black),KG,3,2026-11-15,198.42,207.21,220.65
Jumla Khalanga__Cabbage__KG,Jumla Khalanga,Cabbage,KG,1,2026-09-15,41.74,55.7,68.18
Jumla Khalanga__Cabbage__KG,Jumla Khalanga,Cabbage,KG,2,2026-10-15,43.86,55.29,67.29
Jumla Khalanga__Cabbage__KG,Jumla Khalanga,Cabbage,KG,3,2026-11-15,42.82,53.38,64.98
Jumla Khalanga__Carrots__KG__seg1,Jumla Khalanga,Carrots,KG,1,2026-09-15,98.22,126.61,149.82
Jumla Khalanga__Carrots__KG__seg1,Jumla Khalanga,Carrots,KG,2,2026-10-15,97.51,122.68,145.36
Jumla Khalanga__Carrots__KG__seg1,Jumla Khalanga,Carrots,KG,3,2026-11-15,92.15,116.59,138.67
Jumla Khalanga__Chickpeas__KG,Jumla Khalanga,Chickpeas,KG,1,2026-09-15,161.5,176.09,187.75
Jumla Khalanga__Chickpeas__KG,Jumla Khalanga,Chickpeas,KG,2,2026-10-15,163.86,174.51,185.44
Jumla Khalanga__Chickpeas__KG,Jumla Khalanga,Chickpeas,KG,3,2026-11-15,160.92,171.19,182.95
Jumla Khalanga__Eggs__Unit,Jumla Khalanga,Eggs,Unit,1,2026-09-15,19.55,22.52,24.32
Jumla Khalanga__Eggs__Unit,Jumla Khalanga,Eggs,Unit,2,2026-10-15,20.35,22.59,24.34
Jumla Khalanga__Eggs__Unit,Jumla Khalanga,Eggs,Unit,3,2026-11-15,20.07,22.23,24.14
Jumla Khalanga__Fish__KG__seg1,Jumla Khalanga,Fish,KG,1,2026-09-15,585.48,631.76,673.16
Jumla Khalanga__Fish__KG__seg1,Jumla Khalanga,Fish,KG,2,2026-10-15,604.95,630.99,664.86
Jumla Khalanga__Fish__KG__seg1,Jumla Khalanga,Fish,KG,3,2026-11-15,602.94,627.79,662.98
Jumla Khalanga__Lentils (broken)__KG,Jumla Khalanga,Lentils (broken),KG,1,2026-09-15,182.42,193.1,203.84
Jumla Khalanga__Lentils (broken)__KG,Jumla Khalanga,Lentils (broken),KG,2,2026-10-15,183.25,190.72,200.99
Jumla Khalanga__Lentils (broken)__KG,Jumla Khalanga,Lentils (broken),KG,3,2026-11-15,180.11,187.41,198.34
Jumla Khalanga__Meat (chicken)__KG,Jumla Khalanga,Meat (chicken),KG,1,2026-09-15,564.69,610.86,651.65
Jumla Khalanga__Meat (chicken)__KG,Jumla Khalanga,Meat (chicken),KG,2,2026-10-15,573.93,607.63,646.93
Jumla Khalanga__Meat (chicken)__KG,Jumla Khalanga,Meat (chicken),KG,3,2026-11-15,567.43,600.57,642.11
Jumla Khalanga__Milk__L,Jumla Khalanga,Milk,L,1,2026-09-15,150.57,161.56,177.56
Jumla Khalanga__Milk__L,Jumla Khalanga,Milk,L,2,2026-10-15,152.16,160.72,175.7
Jumla Khalanga__Milk__L,Jumla Khalanga,Milk,L,3,2026-11-15,150.68,159.32,175.27
Jumla Khalanga__Oil (mustard)__L,Jumla Khalanga,Oil (mustard),L,1,2026-09-15,377.64,414.07,436.19
Jumla Khalanga__Oil (mustard)__L,Jumla Khalanga,Oil (mustard),L,2,2026-10-15,382.7,413.52,434.35
Jumla Khalanga__Oil (mustard)__L,Jumla Khalanga,Oil (mustard),L,3,2026-11-15,377.27,407.96,431.11
Jumla Khalanga__Oil (soybean)__L,Jumla Khalanga,Oil (soybean),L,1,2026-09-15,295.41,316.79,334.37
Jumla Khalanga__Oil (soybean)__L,Jumla Khalanga,Oil (soybean),L,2,2026-10-15,297.05,314.97,331.21
Jumla Khalanga__Oil (soybean)__L,Jumla Khalanga,Oil (soybean),L,3,2026-11-15,292.21,310.37,327.97
Jumla Khalanga__Peanut__KG,Jumla Khalanga,Peanut,KG,1,2026-09-15,238.72,326.09,419.65
Jumla Khalanga__Peanut__KG,Jumla Khalanga,Peanut,KG,2,2026-10-15,263.12,319.6,403.47
Jumla Khalanga__Peanut__KG,Jumla Khalanga,Peanut,KG,3,2026-11-15,260.62,317.05,410.82
Jumla Khalanga__Pumpkin__KG,Jumla Khalanga,Pumpkin,KG,1,2026-09-15,81.16,107.8,128.69
Jumla Khalanga__Pumpkin__KG,Jumla Khalanga,Pumpkin,KG,2,2026-10-15,87.49,107.82,128.57
Jumla Khalanga__Pumpkin__KG,Jumla Khalanga,Pumpkin,KG,3,2026-11-15,85.27,103.78,125.39
Jumla Khalanga__Rice (coarse)__KG,Jumla Khalanga,Rice (coarse),KG,1,2026-09-15,67.21,72.86,76.88
Jumla Khalanga__Rice (coarse)__KG,Jumla Khalanga,Rice (coarse),KG,2,2026-10-15,67.98,72.8,76.63
Jumla Khalanga__Rice (coarse)__KG,Jumla Khalanga,Rice (coarse),KG,3,2026-11-15,66.98,71.72,75.95
Jumla Khalanga__Rice (medium grain)__KG,Jumla Khalanga,Rice (medium grain),KG,1,2026-09-15,116.28,120.65,134.7
Jumla Khalanga__Rice (medium grain)__KG,Jumla Khalanga,Rice (medium grain),KG,2,2026-10-15,117.02,120.17,133.34
Jumla Khalanga__Rice (medium grain)__KG,Jumla Khalanga,Rice (medium grain),KG,3,2026-11-15,116.05,119.43,133.2
Jumla Khalanga__Tomatoes__KG,Jumla Khalanga,Tomatoes,KG,1,2026-09-15,84.79,112.85,138.65
Jumla Khalanga__Tomatoes__KG,Jumla Khalanga,Tomatoes,KG,2,2026-10-15,84.82,107.39,130.82
Jumla Khalanga__Tomatoes__KG,Jumla Khalanga,Tomatoes,KG,3,2026-11-15,81.05,101.7,122.98
Jumla Khalanga__Wheat flour__KG,Jumla Khalanga,Wheat flour,KG,1,2026-09-15,83.35,91.48,99.72
Jumla Khalanga__Wheat flour__KG,Jumla Khalanga,Wheat flour,KG,2,2026-10-15,82.73,89.62,97.54
Jumla Khalanga__Wheat flour__KG,Jumla Khalanga,Wheat flour,KG,3,2026-11-15,79.56,86.27,94.74
Kathmandu__Apples__KG,Kathmandu,Apples,KG,1,2026-09-15,257.15,315.44,357.86
Kathmandu__Apples__KG,Kathmandu,Apples,KG,2,2026-10-15,267.73,306.44,340.4
Kathmandu__Apples__KG,Kathmandu,Apples,KG,3,2026-11-15,259.27,295.6,329.45
Kathmandu__Bananas__Dozen,Kathmandu,Bananas,Dozen,1,2026-09-15,130.49,157.85,177.54
Kathmandu__Bananas__Dozen,Kathmandu,Bananas,Dozen,2,2026-10-15,134.69,155.66,175.41
Kathmandu__Bananas__Dozen,Kathmandu,Bananas,Dozen,3,2026-11-15,130.09,148.86,169.8
Kathmandu__Beans (black)__KG,Kathmandu,Beans (black),KG,1,2026-09-15,177.3,195.92,209.61
Kathmandu__Beans (black)__KG,Kathmandu,Beans (black),KG,2,2026-10-15,180.29,194.27,207.88
Kathmandu__Beans (black)__KG,Kathmandu,Beans (black),KG,3,2026-11-15,177.01,190.28,205.29
Kathmandu__Cabbage__KG,Kathmandu,Cabbage,KG,1,2026-09-15,48.48,67.19,82.58
Kathmandu__Cabbage__KG,Kathmandu,Cabbage,KG,2,2026-10-15,47.25,63.7,79.11
Kathmandu__Cabbage__KG,Kathmandu,Cabbage,KG,3,2026-11-15,43.06,58.54,73.68
Kathmandu__Chickpeas__KG,Kathmandu,Chickpeas,KG,1,2026-09-15,137.74,148.92,161.31
Kathmandu__Chickpeas__KG,Kathmandu,Chickpeas,KG,2,2026-10-15,140.9,147.86,158.43
Kathmandu__Chickpeas__KG,Kathmandu,Chickpeas,KG,3,2026-11-15,139.19,146.22,157.02
Kathmandu__Eggs__Unit,Kathmandu,Eggs,Unit,1,2026-09-15,18.1,21.16,23.84
Kathmandu__Eggs__Unit,Kathmandu,Eggs,Unit,2,2026-10-15,19.1,21.26,23.76
Kathmandu__Eggs__Unit,Kathmandu,Eggs,Unit,3,2026-11-15,18.87,20.89,23.55
Kathmandu__Fish__KG,Kathmandu,Fish,KG,1,2026-09-15,461.03,504.98,536.83
Kathmandu__Fish__KG,Kathmandu,Fish,KG,2,2026-10-15,469.77,500.15,529.25
Kathmandu__Fish__KG,Kathmandu,Fish,KG,3,2026-11-15,461.93,490.81,520.88
Kathmandu__Lentils (broken)__KG,Kathmandu,Lentils (broken),KG,1,2026-09-15,165.4,181.3,192.19
Kathmandu__Lentils (broken)__KG,Kathmandu,Lentils (broken),KG,2,2026-10-15,167.08,179.39,190.5
Kathmandu__Lentils (broken)__KG,Kathmandu,Lentils (broken),KG,3,2026-11-15,163.88,174.86,187.27
Kathmandu__Meat (chicken)__KG,Kathmandu,Meat (chicken),KG,1,2026-09-15,392.62,426.72,453.24
Kathmandu__Meat (chicken)__KG,Kathmandu,Meat (chicken),KG,2,2026-10-15,400.11,424.95,449.12
Kathmandu__Meat (chicken)__KG,Kathmandu,Meat (chicken),KG,3,2026-11-15,394.93,418.38,442.32
Kathmandu__Milk__L,Kathmandu,Milk,L,1,2026-09-15,106.82,114.48,120.05
Kathmandu__Milk__L,Kathmandu,Milk,L,2,2026-10-15,107.0,113.83,119.25
Kathmandu__Milk__L,Kathmandu,Milk,L,3,2026-11-15,105.06,111.49,117.38
Kathmandu__Oil (mustard)__L,Kathmandu,Oil (mustard),L,1,2026-09-15,288.49,315.28,341.81
Kathmandu__Oil (mustard)__L,Kathmandu,Oil (mustard),L,2,2026-10-15,292.03,309.32,335.44
Kathmandu__Oil (mustard)__L,Kathmandu,Oil (mustard),L,3,2026-11-15,287.76,304.92,332.79
Kathmandu__Oil (soybean)__L,Kathmandu,Oil (soybean),L,1,2026-09-15,282.88,309.21,332.31
Kathmandu__Oil (soybean)__L,Kathmandu,Oil (soybean),L,2,2026-10-15,287.34,307.95,329.03
Kathmandu__Oil (soybean)__L,Kathmandu,Oil (soybean),L,3,2026-11-15,282.5,303.43,325.68
Kathmandu__Peanut__KG,Kathmandu,Peanut,KG,1,2026-09-15,225.0,259.22,282.11
Kathmandu__Peanut__KG,Kathmandu,Peanut,KG,2,2026-10-15,231.88,260.71,281.9
Kathmandu__Peanut__KG,Kathmandu,Peanut,KG,3,2026-11-15,227.96,256.37,280.21
Kathmandu__Potatoes (red)__KG,Kathmandu,Potatoes (red),KG,1,2026-09-15,48.22,60.73,73.3
Kathmandu__Potatoes (red)__KG,Kathmandu,Potatoes (red),KG,2,2026-10-15,50.39,58.97,68.18
Kathmandu__Potatoes (red)__KG,Kathmandu,Potatoes (red),KG,3,2026-11-15,48.81,56.2,64.13
Kathmandu__Pumpkin__KG,Kathmandu,Pumpkin,KG,1,2026-09-15,56.59,72.83,85.75
Kathmandu__Pumpkin__KG,Kathmandu,Pumpkin,KG,2,2026-10-15,59.79,72.87,85.58
Kathmandu__Pumpkin__KG,Kathmandu,Pumpkin,KG,3,2026-11-15,57.83,69.74,82.2
Kathmandu__Rice (coarse)__KG__seg2,Kathmandu,Rice (coarse),KG,1,2026-09-15,59.05,64.46,68.61
Kathmandu__Rice (coarse)__KG__seg2,Kathmandu,Rice (coarse),KG,2,2026-10-15,59.68,64.18,68.22
Kathmandu__Rice (coarse)__KG__seg2,Kathmandu,Rice (coarse),KG,3,2026-11-15,58.43,62.78,67.24
Kathmandu__Rice (medium grain)__KG,Kathmandu,Rice (medium grain),KG,1,2026-09-15,89.16,94.92,99.43
Kathmandu__Rice (medium grain)__KG,Kathmandu,Rice (medium grain),KG,2,2026-10-15,88.9,93.85,98.37
Kathmandu__Rice (medium grain)__KG,Kathmandu,Rice (medium grain),KG,3,2026-11-15,87.04,91.63,96.58
Kathmandu__Tomatoes__KG,Kathmandu,Tomatoes,KG,1,2026-09-15,68.36,97.73,120.97
Kathmandu__Tomatoes__KG,Kathmandu,Tomatoes,KG,2,2026-10-15,64.2,92.4,115.74
Kathmandu__Tomatoes__KG,Kathmandu,Tomatoes,KG,3,2026-11-15,56.0,84.11,107.94
Kathmandu__Wheat flour__KG__seg2,Kathmandu,Wheat flour,KG,1,2026-09-15,83.21,93.17,100.43
Kathmandu__Wheat flour__KG__seg2,Kathmandu,Wheat flour,KG,2,2026-10-15,84.04,92.59,99.81
Kathmandu__Wheat flour__KG__seg2,Kathmandu,Wheat flour,KG,3,2026-11-15,82.22,90.42,98.43
Liwang__Apples__KG,Liwang,Apples,KG,1,2026-09-15,313.84,358.23,391.8
Liwang__Apples__KG,Liwang,Apples,KG,2,2026-10-15,311.74,341.76,375.28
Liwang__Apples__KG,Liwang,Apples,KG,3,2026-11-15,294.6,322.71,357.47
Liwang__Bananas__Dozen,Liwang,Bananas,Dozen,1,2026-09-15,129.9,147.99,160.85
Liwang__Bananas__Dozen,Liwang,Bananas,Dozen,2,2026-10-15,133.56,147.4,159.59
Liwang__Bananas__Dozen,Liwang,Bananas,Dozen,3,2026-11-15,131.54,144.6,157.54
Liwang__Beans (black)__KG,Liwang,Beans (black),KG,1,2026-09-15,175.82,189.08,198.6
Liwang__Beans (black)__KG,Liwang,Beans (black),KG,2,2026-10-15,177.31,187.26,196.51
Liwang__Beans (black)__KG,Liwang,Beans (black),KG,3,2026-11-15,173.59,182.94,193.0
Liwang__Cabbage__KG,Liwang,Cabbage,KG,1,2026-09-15,48.01,63.06,73.81
Liwang__Cabbage__KG,Liwang,Cabbage,KG,2,2026-10-15,50.2,62.91,73.12
Liwang__Cabbage__KG,Liwang,Cabbage,KG,3,2026-11-15,47.83,60.02,70.49
Liwang__Carrots__KG__seg1,Liwang,Carrots,KG,1,2026-09-15,82.72,142.73,197.07
Liwang__Carrots__KG__seg1,Liwang,Carrots,KG,2,2026-10-15,71.93,127.36,177.61
Liwang__Carrots__KG__seg1,Liwang,Carrots,KG,3,2026-11-15,54.86,110.55,158.9
Liwang__Chickpeas__KG,Liwang,Chickpeas,KG,1,2026-09-15,136.61,145.9,152.72
Liwang__Chickpeas__KG,Liwang,Chickpeas,KG,2,2026-10-15,138.26,145.11,151.56
Liwang__Chickpeas__KG,Liwang,Chickpeas,KG,3,2026-11-15,136.55,143.12,150.06
Liwang__Eggs__Unit,Liwang,Eggs,Unit,1,2026-09-15,18.89,21.19,23.26
Liwang__Eggs__Unit,Liwang,Eggs,Unit,2,2026-10-15,19.63,21.2,23.12
Liwang__Eggs__Unit,Liwang,Eggs,Unit,3,2026-11-15,19.44,21.0,23.03
Liwang__Fish__KG,Liwang,Fish,KG,1,2026-09-15,450.21,474.57,505.28
Liwang__Fish__KG,Liwang,Fish,KG,2,2026-10-15,453.12,469.1,499.45
Liwang__Fish__KG,Liwang,Fish,KG,3,2026-11-15,448.2,464.4,496.37
Liwang__Lentils (broken)__KG,Liwang,Lentils (broken),KG,1,2026-09-15,165.75,172.47,183.69
Liwang__Lentils (broken)__KG,Liwang,Lentils (broken),KG,2,2026-10-15,166.49,171.72,182.29
Liwang__Lentils (broken)__KG,Liwang,Lentils (broken),KG,3,2026-11-15,164.95,170.26,181.39
Liwang__Meat (chicken)__KG,Liwang,Meat (chicken),KG,1,2026-09-15,398.95,428.81,450.83
Liwang__Meat (chicken)__KG,Liwang,Meat (chicken),KG,2,2026-10-15,404.18,426.75,447.41
Liwang__Meat (chicken)__KG,Liwang,Meat (chicken),KG,3,2026-11-15,398.54,419.8,440.88
Liwang__Milk__L,Liwang,Milk,L,1,2026-09-15,98.7,103.39,107.6
Liwang__Milk__L,Liwang,Milk,L,2,2026-10-15,99.1,103.56,107.4
Liwang__Milk__L,Liwang,Milk,L,3,2026-11-15,98.16,102.6,106.75
Liwang__Oil (mustard)__L,Liwang,Oil (mustard),L,1,2026-09-15,271.2,284.05,296.0
Liwang__Oil (mustard)__L,Liwang,Oil (mustard),L,2,2026-10-15,272.48,283.03,294.32
Liwang__Oil (mustard)__L,Liwang,Oil (mustard),L,3,2026-11-15,269.55,279.69,291.52
Liwang__Oil (soybean)__L,Liwang,Oil (soybean),L,1,2026-09-15,250.98,265.34,281.63
Liwang__Oil (soybean)__L,Liwang,Oil (soybean),L,2,2026-10-15,250.84,261.55,277.53
Liwang__Oil (soybean)__L,Liwang,Oil (soybean),L,3,2026-11-15,246.45,257.46,274.48
Liwang__Oranges__KG__seg1,Liwang,Oranges,KG,1,2026-09-15,130.44,176.03,213.12
Liwang__Oranges__KG__seg1,Liwang,Oranges,KG,2,2026-10-15,131.77,164.54,190.38
Liwang__Oranges__KG__seg1,Liwang,Oranges,KG,3,2026-11-15,123.59,152.07,172.27
Liwang__Peanut__KG,Liwang,Peanut,KG,1,2026-09-15,225.8,241.4,257.3
Liwang__Peanut__KG,Liwang,Peanut,KG,2,2026-10-15,227.96,240.83,255.86
Liwang__Peanut__KG,Liwang,Peanut,KG,3,2026-11-15,224.38,237.17,253.85
Liwang__Potatoes (red)__KG,Liwang,Potatoes (red),KG,1,2026-09-15,47.76,54.83,62.05
Liwang__Potatoes (red)__KG,Liwang,Potatoes (red),KG,2,2026-10-15,49.03,53.9,59.6
Liwang__Potatoes (red)__KG,Liwang,Potatoes (red),KG,3,2026-11-15,47.81,52.17,57.45
Liwang__Pumpkin__KG,Liwang,Pumpkin,KG,1,2026-09-15,46.93,53.83,59.65
Liwang__Pumpkin__KG,Liwang,Pumpkin,KG,2,2026-10-15,48.88,53.94,59.36
Liwang__Pumpkin__KG,Liwang,Pumpkin,KG,3,2026-11-15,48.26,52.9,58.36
Liwang__Rice (coarse)__KG,Liwang,Rice (coarse),KG,1,2026-09-15,62.2,68.37,72.9
Liwang__Rice (coarse)__KG,Liwang,Rice (coarse),KG,2,2026-10-15,62.96,68.21,72.59
Liwang__Rice (coarse)__KG,Liwang,Rice (coarse),KG,3,2026-11-15,61.68,66.82,71.68
Liwang__Rice (medium grain)__KG,Liwang,Rice (medium grain),KG,1,2026-09-15,75.78,80.33,83.5
Liwang__Rice (medium grain)__KG,Liwang,Rice (medium grain),KG,2,2026-10-15,75.65,79.8,82.87
Liwang__Rice (medium grain)__KG,Liwang,Rice (medium grain),KG,3,2026-11-15,74.34,78.34,81.73
Liwang__Tomatoes__KG,Liwang,Tomatoes,KG,1,2026-09-15,62.19,86.73,106.16
Liwang__Tomatoes__KG,Liwang,Tomatoes,KG,2,2026-10-15,58.68,80.88,99.76
Liwang__Tomatoes__KG,Liwang,Tomatoes,KG,3,2026-11-15,51.22,72.74,90.89
Liwang__Wheat flour__KG,Liwang,Wheat flour,KG,1,2026-09-15,80.84,87.8,93.17
Liwang__Wheat flour__KG,Liwang,Wheat flour,KG,2,2026-10-15,81.23,87.56,92.62
Liwang__Wheat flour__KG,Liwang,Wheat flour,KG,3,2026-11-15,79.94,86.15,91.73
Mangalsen__Apples__KG,Mangalsen,Apples,KG,1,2026-09-15,282.11,326.64,367.4
Mangalsen__Apples__KG,Mangalsen,Apples,KG,2,2026-10-15,298.52,327.78,365.84
Mangalsen__Apples__KG,Mangalsen,Apples,KG,3,2026-11-15,294.34,324.38,364.51
Mangalsen__Bananas__Dozen,Mangalsen,Bananas,Dozen,1,2026-09-15,118.38,135.67,146.13
Mangalsen__Bananas__Dozen,Mangalsen,Bananas,Dozen,2,2026-10-15,122.13,135.78,145.94
Mangalsen__Bananas__Dozen,Mangalsen,Bananas,Dozen,3,2026-11-15,120.62,133.42,144.31
Mangalsen__Beans (black)__KG,Mangalsen,Beans (black),KG,1,2026-09-15,173.26,188.89,199.97
Mangalsen__Beans (black)__KG,Mangalsen,Beans (black),KG,2,2026-10-15,175.68,186.99,197.57
Mangalsen__Beans (black)__KG,Mangalsen,Beans (black),KG,3,2026-11-15,171.33,181.86,193.28
Mangalsen__Cabbage__KG,Mangalsen,Cabbage,KG,1,2026-09-15,46.95,63.04,71.83
Mangalsen__Cabbage__KG,Mangalsen,Cabbage,KG,2,2026-10-15,48.24,62.51,71.71
Mangalsen__Cabbage__KG,Mangalsen,Cabbage,KG,3,2026-11-15,45.97,59.33,69.41
Mangalsen__Chickpeas__KG,Mangalsen,Chickpeas,KG,1,2026-09-15,149.24,154.42,160.79
Mangalsen__Chickpeas__KG,Mangalsen,Chickpeas,KG,2,2026-10-15,150.6,154.26,160.0
Mangalsen__Chickpeas__KG,Mangalsen,Chickpeas,KG,3,2026-11-15,150.0,153.82,159.89
Mangalsen__Eggs__Unit,Mangalsen,Eggs,Unit,1,2026-09-15,18.29,21.67,23.78
Mangalsen__Eggs__Unit,Mangalsen,Eggs,Unit,2,2026-10-15,19.15,21.6,23.72
Mangalsen__Eggs__Unit,Mangalsen,Eggs,Unit,3,2026-11-15,18.63,20.97,23.34
Mangalsen__Lentils (broken)__KG,Mangalsen,Lentils (broken),KG,1,2026-09-15,174.73,187.79,195.84
Mangalsen__Lentils (broken)__KG,Mangalsen,Lentils (broken),KG,2,2026-10-15,176.15,186.56,194.78
Mangalsen__Lentils (broken)__KG,Mangalsen,Lentils (broken),KG,3,2026-11-15,173.61,183.48,192.88
Mangalsen__Meat (chicken)__KG,Mangalsen,Meat (chicken),KG,1,2026-09-15,485.41,523.64,548.0
Mangalsen__Meat (chicken)__KG,Mangalsen,Meat (chicken),KG,2,2026-10-15,491.94,523.13,546.76
Mangalsen__Meat (chicken)__KG,Mangalsen,Meat (chicken),KG,3,2026-11-15,486.95,516.83,542.59
Mangalsen__Milk__L,Mangalsen,Milk,L,1,2026-09-15,100.79,102.66,106.07
Mangalsen__Milk__L,Mangalsen,Milk,L,2,2026-10-15,101.11,102.7,105.87
Mangalsen__Milk__L,Mangalsen,Milk,L,3,2026-11-15,100.82,102.48,105.83
Mangalsen__Oil (mustard)__L,Mangalsen,Oil (mustard),L,1,2026-09-15,319.32,347.87,377.64
Mangalsen__Oil (mustard)__L,Mangalsen,Oil (mustard),L,2,2026-10-15,325.32,345.09,374.55
Mangalsen__Oil (mustard)__L,Mangalsen,Oil (mustard),L,3,2026-11-15,320.64,341.36,373.24
Mangalsen__Oil (soybean)__L,Mangalsen,Oil (soybean),L,1,2026-09-15,276.76,303.18,323.92
Mangalsen__Oil (soybean)__L,Mangalsen,Oil (soybean),L,2,2026-10-15,282.66,303.03,322.44
Mangalsen__Oil (soybean)__L,Mangalsen,Oil (soybean),L,3,2026-11-15,278.63,299.68,320.83
Mangalsen__Potatoes (red)__KG,Mangalsen,Potatoes (red),KG,1,2026-09-15,54.09,59.52,65.27
Mangalsen__Potatoes (red)__KG,Mangalsen,Potatoes (red),KG,2,2026-10-15,55.71,59.23,64.14
Mangalsen__Potatoes (red)__KG,Mangalsen,Potatoes (red),KG,3,2026-11-15,55.36,58.81,63.82
Mangalsen__Pumpkin__KG__seg1,Mangalsen,Pumpkin,KG,1,2026-09-15,53.29,68.75,77.79
Mangalsen__Pumpkin__KG__seg1,Mangalsen,Pumpkin,KG,2,2026-10-15,55.68,68.71,78.02
Mangalsen__Pumpkin__KG__seg1,Mangalsen,Pumpkin,KG,3,2026-11-15,54.18,66.24,76.26
Mangalsen__Rice (coarse)__KG,Mangalsen,Rice (coarse),KG,1,2026-09-15,56.57,61.97,65.81
Mangalsen__Rice (coarse)__KG,Mangalsen,Rice (coarse),KG,2,2026-10-15,57.24,61.89,65.6
Mangalsen__Rice (coarse)__KG,Mangalsen,Rice (coarse),KG,3,2026-11-15,56.19,60.74,64.9
Mangalsen__Rice (medium grain)__KG,Mangalsen,Rice (medium grain),KG,1,2026-09-15,87.74,92.58,96.07
Mangalsen__Rice (medium grain)__KG,Mangalsen,Rice (medium grain),KG,2,2026-10-15,87.79,92.17,95.49
Mangalsen__Rice (medium grain)__KG,Mangalsen,Rice (medium grain),KG,3,2026-11-15,86.64,90.86,94.58
Mangalsen__Tomatoes__KG,Mangalsen,Tomatoes,KG,1,2026-09-15,69.47,97.4,119.64
Mangalsen__Tomatoes__KG,Mangalsen,Tomatoes,KG,2,2026-10-15,70.26,93.79,115.56
Mangalsen__Tomatoes__KG,Mangalsen,Tomatoes,KG,3,2026-11-15,66.4,87.94,108.62
Mangalsen__Wheat flour__KG,Mangalsen,Wheat flour,KG,1,2026-09-15,71.92,77.56,81.32
Mangalsen__Wheat flour__KG,Mangalsen,Wheat flour,KG,2,2026-10-15,72.54,77.76,81.23
Mangalsen__Wheat flour__KG,Mangalsen,Wheat flour,KG,3,2026-11-15,71.88,77.07,80.93
Martadi__Apples__KG,Martadi,Apples,KG,1,2026-09-15,276.47,325.16,370.31
Martadi__Apples__KG,Martadi,Apples,KG,2,2026-10-15,295.58,326.83,367.85
Martadi__Apples__KG,Martadi,Apples,KG,3,2026-11-15,290.68,322.68,365.84
Martadi__Bananas__Dozen,Martadi,Bananas,Dozen,1,2026-09-15,125.78,144.11,155.42
Martadi__Bananas__Dozen,Martadi,Bananas,Dozen,2,2026-10-15,129.74,144.29,155.15
Martadi__Bananas__Dozen,Martadi,Bananas,Dozen,3,2026-11-15,128.15,141.86,153.35
Martadi__Beans (black)__KG,Martadi,Beans (black),KG,1,2026-09-15,178.25,192.89,204.14
Martadi__Beans (black)__KG,Martadi,Beans (black),KG,2,2026-10-15,179.59,190.27,200.78
Martadi__Beans (black)__KG,Martadi,Beans (black),KG,3,2026-11-15,174.68,184.52,195.56
Martadi__Cabbage__KG,Martadi,Cabbage,KG,1,2026-09-15,51.95,67.31,75.74
Martadi__Cabbage__KG,Martadi,Cabbage,KG,2,2026-10-15,53.69,67.11,75.78
Martadi__Cabbage__KG,Martadi,Cabbage,KG,3,2026-11-15,51.84,64.42,73.95
Martadi__Chickpeas__KG,Martadi,Chickpeas,KG,1,2026-09-15,159.02,165.9,172.31
Martadi__Chickpeas__KG,Martadi,Chickpeas,KG,2,2026-10-15,160.32,165.56,171.45
Martadi__Chickpeas__KG,Martadi,Chickpeas,KG,3,2026-11-15,159.29,164.51,170.82
Martadi__Eggs__Unit,Martadi,Eggs,Unit,1,2026-09-15,20.19,23.55,25.65
Martadi__Eggs__Unit,Martadi,Eggs,Unit,2,2026-10-15,21.0,23.51,25.59
Martadi__Eggs__Unit,Martadi,Eggs,Unit,3,2026-11-15,20.59,22.99,25.31
Martadi__Lentils (broken)__KG,Martadi,Lentils (broken),KG,1,2026-09-15,188.86,202.79,211.68
Martadi__Lentils (broken)__KG,Martadi,Lentils (broken),KG,2,2026-10-15,190.23,201.79,210.69
Martadi__Lentils (broken)__KG,Martadi,Lentils (broken),KG,3,2026-11-15,187.64,198.79,208.95
Martadi__Meat (chicken)__KG,Martadi,Meat (chicken),KG,1,2026-09-15,525.86,570.0,608.12
Martadi__Meat (chicken)__KG,Martadi,Meat (chicken),KG,2,2026-10-15,535.77,567.82,604.25
Martadi__Meat (chicken)__KG,Martadi,Meat (chicken),KG,3,2026-11-15,530.15,561.9,600.04
Martadi__Milk__L,Martadi,Milk,L,1,2026-09-15,100.77,102.97,106.82
Martadi__Milk__L,Martadi,Milk,L,2,2026-10-15,101.16,103.07,106.63
Martadi__Milk__L,Martadi,Milk,L,3,2026-11-15,100.79,102.79,106.55
Martadi__Oil (mustard)__L,Martadi,Oil (mustard),L,1,2026-09-15,328.8,355.1,384.47
Martadi__Oil (mustard)__L,Martadi,Oil (mustard),L,2,2026-10-15,333.67,352.31,381.25
Martadi__Oil (mustard)__L,Martadi,Oil (mustard),L,3,2026-11-15,329.21,348.65,379.72
Martadi__Oil (soybean)__L,Martadi,Oil (soybean),L,1,2026-09-15,281.54,307.51,330.43
Martadi__Oil (soybean)__L,Martadi,Oil (soybean),L,2,2026-10-15,286.59,306.08,327.52
Martadi__Oil (soybean)__L,Martadi,Oil (soybean),L,3,2026-11-15,281.83,302.16,325.22
Martadi__Potatoes (red)__KG,Martadi,Potatoes (red),KG,1,2026-09-15,49.23,53.39,59.55
Martadi__Potatoes (red)__KG,Martadi,Potatoes (red),KG,2,2026-10-15,50.28,52.98,58.54
Martadi__Potatoes (red)__KG,Martadi,Potatoes (red),KG,3,2026-11-15,50.06,52.72,58.42
Martadi__Pumpkin__KG__seg1,Martadi,Pumpkin,KG,1,2026-09-15,48.49,64.88,77.73
Martadi__Pumpkin__KG__seg1,Martadi,Pumpkin,KG,2,2026-10-15,51.3,64.22,77.06
Martadi__Pumpkin__KG__seg1,Martadi,Pumpkin,KG,3,2026-11-15,49.7,61.5,74.35
Martadi__Rice (coarse)__KG,Martadi,Rice (coarse),KG,1,2026-09-15,59.38,64.84,68.82
Martadi__Rice (coarse)__KG,Martadi,Rice (coarse),KG,2,2026-10-15,59.96,64.67,68.52
Martadi__Rice (coarse)__KG,Martadi,Rice (coarse),KG,3,2026-11-15,58.75,63.35,67.68
Martadi__Rice (medium grain)__KG,Martadi,Rice (medium grain),KG,1,2026-09-15,89.84,93.8,96.6
Martadi__Rice (medium grain)__KG,Martadi,Rice (medium grain),KG,2,2026-10-15,89.83,93.49,96.15
Martadi__Rice (medium grain)__KG,Martadi,Rice (medium grain),KG,3,2026-11-15,88.8,92.35,95.32
Martadi__Tomatoes__KG,Martadi,Tomatoes,KG,1,2026-09-15,71.63,102.34,128.6
Martadi__Tomatoes__KG,Martadi,Tomatoes,KG,2,2026-10-15,74.02,99.03,123.91
Martadi__Tomatoes__KG,Martadi,Tomatoes,KG,3,2026-11-15,70.99,93.65,116.85
Martadi__Wheat flour__KG,Martadi,Wheat flour,KG,1,2026-09-15,76.54,82.08,86.29
Martadi__Wheat flour__KG,Martadi,Wheat flour,KG,2,2026-10-15,77.24,82.48,86.26
Martadi__Wheat flour__KG,Martadi,Wheat flour,KG,3,2026-11-15,76.61,81.87,86.01
Musikot__Apples__KG,Musikot,Apples,KG,1,2026-09-15,235.95,289.76,335.38
Musikot__Apples__KG,Musikot,Apples,KG,2,2026-10-15,245.86,277.77,318.23
Musikot__Apples__KG,Musikot,Apples,KG,3,2026-11-15,235.24,264.09,304.35
Musikot__Bananas__Dozen,Musikot,Bananas,Dozen,1,2026-09-15,122.39,141.49,158.86
Musikot__Bananas__Dozen,Musikot,Bananas,Dozen,2,2026-10-15,125.13,138.39,155.08
Musikot__Bananas__Dozen,Musikot,Bananas,Dozen,3,2026-11-15,121.05,133.12,149.75
Musikot__Beans (black)__KG,Musikot,Beans (black),KG,1,2026-09-15,176.0,192.89,204.15
Musikot__Beans (black)__KG,Musikot,Beans (black),KG,2,2026-10-15,179.22,191.89,202.85
Musikot__Beans (black)__KG,Musikot,Beans (black),KG,3,2026-11-15,175.83,187.88,199.99
Musikot__Cabbage__KG,Musikot,Cabbage,KG,1,2026-09-15,35.53,53.65,67.92
Musikot__Cabbage__KG,Musikot,Cabbage,KG,2,2026-10-15,36.26,52.37,66.51
Musikot__Cabbage__KG,Musikot,Cabbage,KG,3,2026-11-15,33.37,48.8,62.87
Musikot__Carrots__KG__seg1,Musikot,Carrots,KG,1,2026-09-15,81.68,107.77,129.28
Musikot__Carrots__KG__seg1,Musikot,Carrots,KG,2,2026-10-15,80.14,103.58,124.58
Musikot__Carrots__KG__seg1,Musikot,Carrots,KG,3,2026-11-15,74.91,97.73,118.16
Musikot__Chickpeas__KG,Musikot,Chickpeas,KG,1,2026-09-15,142.0,151.96,158.65
Musikot__Chickpeas__KG,Musikot,Chickpeas,KG,2,2026-10-15,143.99,151.17,157.38
Musikot__Chickpeas__KG,Musikot,Chickpeas,KG,3,2026-11-15,141.75,148.47,154.95
Musikot__Eggs__Unit,Musikot,Eggs,Unit,1,2026-09-15,15.91,18.45,20.1
Musikot__Eggs__Unit,Musikot,Eggs,Unit,2,2026-10-15,16.42,18.32,20.03
Musikot__Eggs__Unit,Musikot,Eggs,Unit,3,2026-11-15,15.97,17.71,19.58
Musikot__Fish__KG,Musikot,Fish,KG,1,2026-09-15,501.09,571.73,632.0
Musikot__Fish__KG,Musikot,Fish,KG,2,2026-10-15,532.01,576.25,623.77
Musikot__Fish__KG,Musikot,Fish,KG,3,2026-11-15,530.67,573.69,624.46
Musikot__Lentils (broken)__KG,Musikot,Lentils (broken),KG,1,2026-09-15,167.77,180.84,189.87
Musikot__Lentils (broken)__KG,Musikot,Lentils (broken),KG,2,2026-10-15,169.14,179.21,188.28
Musikot__Lentils (broken)__KG,Musikot,Lentils (broken),KG,3,2026-11-15,166.0,175.38,185.42
Musikot__Meat (chicken)__KG,Musikot,Meat (chicken),KG,1,2026-09-15,474.62,522.42,554.15
Musikot__Meat (chicken)__KG,Musikot,Meat (chicken),KG,2,2026-10-15,481.67,519.32,550.81
Musikot__Meat (chicken)__KG,Musikot,Meat (chicken),KG,3,2026-11-15,475.04,511.24,545.66
Musikot__Milk__L,Musikot,Milk,L,1,2026-09-15,90.3,95.97,100.1
Musikot__Milk__L,Musikot,Milk,L,2,2026-10-15,91.0,96.3,100.06
Musikot__Milk__L,Musikot,Milk,L,3,2026-11-15,90.25,95.51,99.62
Musikot__Oil (mustard)__L,Musikot,Oil (mustard),L,1,2026-09-15,353.31,398.41,422.01
Musikot__Oil (mustard)__L,Musikot,Oil (mustard),L,2,2026-10-15,360.73,398.81,421.2
Musikot__Oil (mustard)__L,Musikot,Oil (mustard),L,3,2026-11-15,355.29,392.92,418.12
Musikot__Oil (soybean)__L,Musikot,Oil (soybean),L,1,2026-09-15,284.99,313.0,329.93
Musikot__Oil (soybean)__L,Musikot,Oil (soybean),L,2,2026-10-15,288.75,311.91,328.06
Musikot__Oil (soybean)__L,Musikot,Oil (soybean),L,3,2026-11-15,284.68,307.38,325.17
Musikot__Peanut__KG,Musikot,Peanut,KG,1,2026-09-15,289.4,403.76,519.64
Musikot__Peanut__KG,Musikot,Peanut,KG,2,2026-10-15,328.27,406.75,507.8
Musikot__Peanut__KG,Musikot,Peanut,KG,3,2026-11-15,330.55,407.91,519.01
Musikot__Potatoes (red)__KG,Musikot,Potatoes (red),KG,1,2026-09-15,61.1,69.86,78.31
Musikot__Potatoes (red)__KG,Musikot,Potatoes (red),KG,2,2026-10-15,63.46,69.51,76.48
Musikot__Potatoes (red)__KG,Musikot,Potatoes (red),KG,3,2026-11-15,62.14,67.73,74.29
Musikot__Rice (coarse)__KG,Musikot,Rice (coarse),KG,1,2026-09-15,57.59,61.34,64.15
Musikot__Rice (coarse)__KG,Musikot,Rice (coarse),KG,2,2026-10-15,58.07,61.12,63.79
Musikot__Rice (coarse)__KG,Musikot,Rice (coarse),KG,3,2026-11-15,57.12,60.05,62.91
Musikot__Rice (medium grain)__KG,Musikot,Rice (medium grain),KG,1,2026-09-15,92.83,99.87,104.76
Musikot__Rice (medium grain)__KG,Musikot,Rice (medium grain),KG,2,2026-10-15,92.88,99.16,103.9
Musikot__Rice (medium grain)__KG,Musikot,Rice (medium grain),KG,3,2026-11-15,91.08,97.13,102.38
Musikot__Tomatoes__KG,Musikot,Tomatoes,KG,1,2026-09-15,75.89,100.67,116.46
Musikot__Tomatoes__KG,Musikot,Tomatoes,KG,2,2026-10-15,74.34,97.75,113.66
Musikot__Tomatoes__KG,Musikot,Tomatoes,KG,3,2026-11-15,67.63,90.85,108.02
Musikot__Wheat flour__KG,Musikot,Wheat flour,KG,1,2026-09-15,82.0,90.32,99.01
Musikot__Wheat flour__KG,Musikot,Wheat flour,KG,2,2026-10-15,81.93,88.89,97.26
Musikot__Wheat flour__KG,Musikot,Wheat flour,KG,3,2026-11-15,79.23,86.14,95.09
Narayanghat__Apples__KG,Narayanghat,Apples,KG,1,2026-09-15,292.17,340.72,373.47
Narayanghat__Apples__KG,Narayanghat,Apples,KG,2,2026-10-15,303.0,337.2,366.84
Narayanghat__Apples__KG,Narayanghat,Apples,KG,3,2026-11-15,295.09,327.74,358.13
Narayanghat__Bananas__Dozen,Narayanghat,Bananas,Dozen,1,2026-09-15,103.37,123.44,140.35
Narayanghat__Bananas__Dozen,Narayanghat,Bananas,Dozen,2,2026-10-15,105.5,119.68,135.46
Narayanghat__Bananas__Dozen,Narayanghat,Bananas,Dozen,3,2026-11-15,101.09,113.3,128.24
Narayanghat__Beans (black)__KG,Narayanghat,Beans (black),KG,1,2026-09-15,171.88,190.11,203.92
Narayanghat__Beans (black)__KG,Narayanghat,Beans (black),KG,2,2026-10-15,174.28,187.55,201.26
Narayanghat__Beans (black)__KG,Narayanghat,Beans (black),KG,3,2026-11-15,170.08,182.49,197.49
Narayanghat__Cabbage__KG,Narayanghat,Cabbage,KG,1,2026-09-15,49.58,64.43,76.68
Narayanghat__Cabbage__KG,Narayanghat,Cabbage,KG,2,2026-10-15,48.99,62.09,74.14
Narayanghat__Cabbage__KG,Narayanghat,Cabbage,KG,3,2026-11-15,45.03,57.74,69.84
Narayanghat__Chickpeas__KG,Narayanghat,Chickpeas,KG,1,2026-09-15,132.56,142.96,153.27
Narayanghat__Chickpeas__KG,Narayanghat,Chickpeas,KG,2,2026-10-15,134.81,141.71,150.88
Narayanghat__Chickpeas__KG,Narayanghat,Chickpeas,KG,3,2026-11-15,132.76,139.58,149.03
Narayanghat__Eggs__Unit,Narayanghat,Eggs,Unit,1,2026-09-15,17.86,20.89,23.24
Narayanghat__Eggs__Unit,Narayanghat,Eggs,Unit,2,2026-10-15,18.61,20.86,23.07
Narayanghat__Eggs__Unit,Narayanghat,Eggs,Unit,3,2026-11-15,18.25,20.31,22.72
Narayanghat__Lentils (broken)__KG,Narayanghat,Lentils (broken),KG,1,2026-09-15,153.32,165.49,177.92
Narayanghat__Lentils (broken)__KG,Narayanghat,Lentils (broken),KG,2,2026-10-15,155.07,164.21,175.77
Narayanghat__Lentils (broken)__KG,Narayanghat,Lentils (broken),KG,3,2026-11-15,152.09,160.31,172.33
Narayanghat__Meat (chicken)__KG,Narayanghat,Meat (chicken),KG,1,2026-09-15,375.71,406.74,435.44
Narayanghat__Meat (chicken)__KG,Narayanghat,Meat (chicken),KG,2,2026-10-15,380.7,402.29,428.94
Narayanghat__Meat (chicken)__KG,Narayanghat,Meat (chicken),KG,3,2026-11-15,375.44,395.72,422.35
Narayanghat__Milk__L,Narayanghat,Milk,L,1,2026-09-15,98.19,104.93,109.38
Narayanghat__Milk__L,Narayanghat,Milk,L,2,2026-10-15,98.19,104.12,108.52
Narayanghat__Milk__L,Narayanghat,Milk,L,3,2026-11-15,96.22,101.77,106.52
Narayanghat__Oil (mustard)__L,Narayanghat,Oil (mustard),L,1,2026-09-15,292.58,320.45,343.67
Narayanghat__Oil (mustard)__L,Narayanghat,Oil (mustard),L,2,2026-10-15,296.56,316.15,338.75
Narayanghat__Oil (mustard)__L,Narayanghat,Oil (mustard),L,3,2026-11-15,292.54,311.93,336.04
Narayanghat__Oil (soybean)__L,Narayanghat,Oil (soybean),L,1,2026-09-15,275.22,301.44,320.46
Narayanghat__Oil (soybean)__L,Narayanghat,Oil (soybean),L,2,2026-10-15,278.38,299.44,317.01
Narayanghat__Oil (soybean)__L,Narayanghat,Oil (soybean),L,3,2026-11-15,273.39,294.17,312.71
Narayanghat__Peanut__KG,Narayanghat,Peanut,KG,1,2026-09-15,223.92,256.61,282.06
Narayanghat__Peanut__KG,Narayanghat,Peanut,KG,2,2026-10-15,229.47,255.64,279.74
Narayanghat__Peanut__KG,Narayanghat,Peanut,KG,3,2026-11-15,223.17,248.56,275.8
Narayanghat__Potatoes (red)__KG,Narayanghat,Potatoes (red),KG,1,2026-09-15,39.73,52.78,67.37
Narayanghat__Potatoes (red)__KG,Narayanghat,Potatoes (red),KG,2,2026-10-15,39.74,48.63,58.75
Narayanghat__Potatoes (red)__KG,Narayanghat,Potatoes (red),KG,3,2026-11-15,38.25,45.77,54.09
Narayanghat__Rice (coarse)__KG__seg2,Narayanghat,Rice (coarse),KG,1,2026-09-15,56.77,61.46,65.0
Narayanghat__Rice (coarse)__KG__seg2,Narayanghat,Rice (coarse),KG,2,2026-10-15,57.33,61.27,64.72
Narayanghat__Rice (coarse)__KG__seg2,Narayanghat,Rice (coarse),KG,3,2026-11-15,56.33,60.15,63.98
Narayanghat__Rice (medium grain)__KG,Narayanghat,Rice (medium grain),KG,1,2026-09-15,81.75,86.44,90.52
Narayanghat__Rice (medium grain)__KG,Narayanghat,Rice (medium grain),KG,2,2026-10-15,80.82,84.59,88.59
Narayanghat__Rice (medium grain)__KG,Narayanghat,Rice (medium grain),KG,3,2026-11-15,78.32,81.76,85.87
Narayanghat__Tomatoes__KG,Narayanghat,Tomatoes,KG,1,2026-09-15,66.21,94.59,121.54
Narayanghat__Tomatoes__KG,Narayanghat,Tomatoes,KG,2,2026-10-15,59.73,87.2,113.76
Narayanghat__Tomatoes__KG,Narayanghat,Tomatoes,KG,3,2026-11-15,50.45,78.66,105.56
Narayanghat__Wheat flour__KG__seg2,Narayanghat,Wheat flour,KG,1,2026-09-15,71.52,76.55,85.06
Narayanghat__Wheat flour__KG__seg2,Narayanghat,Wheat flour,KG,2,2026-10-15,69.21,72.75,80.57
Narayanghat__Wheat flour__KG__seg2,Narayanghat,Wheat flour,KG,3,2026-11-15,66.5,69.96,77.63
Nepalgunj__Apples__KG,Nepalgunj,Apples,KG,1,2026-09-15,291.97,347.02,376.41
Nepalgunj__Apples__KG,Nepalgunj,Apples,KG,2,2026-10-15,301.72,342.38,371.64
Nepalgunj__Apples__KG,Nepalgunj,Apples,KG,3,2026-11-15,291.03,329.14,361.98
Nepalgunj__Bananas__Dozen,Nepalgunj,Bananas,Dozen,1,2026-09-15,105.31,122.14,133.15
Nepalgunj__Bananas__Dozen,Nepalgunj,Bananas,Dozen,2,2026-10-15,108.16,121.32,132.39
Nepalgunj__Bananas__Dozen,Nepalgunj,Bananas,Dozen,3,2026-11-15,105.87,117.89,129.87
Nepalgunj__Beans (black)__KG,Nepalgunj,Beans (black),KG,1,2026-09-15,164.47,180.23,191.29
Nepalgunj__Beans (black)__KG,Nepalgunj,Beans (black),KG,2,2026-10-15,167.43,178.64,189.36
Nepalgunj__Beans (black)__KG,Nepalgunj,Beans (black),KG,3,2026-11-15,163.58,174.2,185.85
Nepalgunj__Cabbage__KG,Nepalgunj,Cabbage,KG,1,2026-09-15,39.55,55.76,68.61
Nepalgunj__Cabbage__KG,Nepalgunj,Cabbage,KG,2,2026-10-15,40.58,54.39,66.8
Nepalgunj__Cabbage__KG,Nepalgunj,Cabbage,KG,3,2026-11-15,36.96,50.32,62.87
Nepalgunj__Carrots__KG__seg1,Nepalgunj,Carrots,KG,1,2026-09-15,74.23,137.33,195.64
Nepalgunj__Carrots__KG__seg1,Nepalgunj,Carrots,KG,2,2026-10-15,63.72,123.39,178.88
Nepalgunj__Carrots__KG__seg1,Nepalgunj,Carrots,KG,3,2026-11-15,45.11,106.19,161.39
Nepalgunj__Chickpeas__KG,Nepalgunj,Chickpeas,KG,1,2026-09-15,117.04,127.54,134.5
Nepalgunj__Chickpeas__KG,Nepalgunj,Chickpeas,KG,2,2026-10-15,119.41,126.76,133.31
Nepalgunj__Chickpeas__KG,Nepalgunj,Chickpeas,KG,3,2026-11-15,117.34,124.29,131.22
Nepalgunj__Eggs__Unit,Nepalgunj,Eggs,Unit,1,2026-09-15,15.5,18.4,20.23
Nepalgunj__Eggs__Unit,Nepalgunj,Eggs,Unit,2,2026-10-15,16.22,18.35,20.18
Nepalgunj__Eggs__Unit,Nepalgunj,Eggs,Unit,3,2026-11-15,15.78,17.79,19.81
Nepalgunj__Fish__KG,Nepalgunj,Fish,KG,1,2026-09-15,346.07,375.64,403.38
Nepalgunj__Fish__KG,Nepalgunj,Fish,KG,2,2026-10-15,357.16,373.57,397.05
Nepalgunj__Fish__KG,Nepalgunj,Fish,KG,3,2026-11-15,355.86,371.28,395.51
Nepalgunj__Lentils (broken)__KG,Nepalgunj,Lentils (broken),KG,1,2026-09-15,154.65,167.1,179.06
Nepalgunj__Lentils (broken)__KG,Nepalgunj,Lentils (broken),KG,2,2026-10-15,157.1,166.1,177.38
Nepalgunj__Lentils (broken)__KG,Nepalgunj,Lentils (broken),KG,3,2026-11-15,155.08,163.78,175.89
Nepalgunj__Meat (chicken)__KG,Nepalgunj,Meat (chicken),KG,1,2026-09-15,370.33,400.67,425.53
Nepalgunj__Meat (chicken)__KG,Nepalgunj,Meat (chicken),KG,2,2026-10-15,378.29,399.6,422.63
Nepalgunj__Meat (chicken)__KG,Nepalgunj,Meat (chicken),KG,3,2026-11-15,374.28,394.66,418.0
Nepalgunj__Milk__L,Nepalgunj,Milk,L,1,2026-09-15,94.37,100.25,104.02
Nepalgunj__Milk__L,Nepalgunj,Milk,L,2,2026-10-15,94.44,99.59,103.31
Nepalgunj__Milk__L,Nepalgunj,Milk,L,3,2026-11-15,92.92,97.8,101.92
Nepalgunj__Oil (mustard)__L,Nepalgunj,Oil (mustard),L,1,2026-09-15,261.88,276.69,288.36
Nepalgunj__Oil (mustard)__L,Nepalgunj,Oil (mustard),L,2,2026-10-15,262.64,274.48,285.75
Nepalgunj__Oil (mustard)__L,Nepalgunj,Oil (mustard),L,3,2026-11-15,259.08,270.08,282.1
Nepalgunj__Oil (soybean)__L,Nepalgunj,Oil (soybean),L,1,2026-09-15,231.46,242.96,259.77
Nepalgunj__Oil (soybean)__L,Nepalgunj,Oil (soybean),L,2,2026-10-15,229.54,236.9,253.64
Nepalgunj__Oil (soybean)__L,Nepalgunj,Oil (soybean),L,3,2026-11-15,225.09,232.91,250.41
Nepalgunj__Peanut__KG,Nepalgunj,Peanut,KG,1,2026-09-15,214.47,235.39,259.38
Nepalgunj__Peanut__KG,Nepalgunj,Peanut,KG,2,2026-10-15,220.31,236.55,258.59
Nepalgunj__Peanut__KG,Nepalgunj,Peanut,KG,3,2026-11-15,216.53,233.58,257.56
Nepalgunj__Potatoes (red)__KG,Nepalgunj,Potatoes (red),KG,1,2026-09-15,39.5,48.16,57.88
Nepalgunj__Potatoes (red)__KG,Nepalgunj,Potatoes (red),KG,2,2026-10-15,40.46,46.29,53.59
Nepalgunj__Potatoes (red)__KG,Nepalgunj,Potatoes (red),KG,3,2026-11-15,38.72,43.86,50.32
Nepalgunj__Pumpkin__KG,Nepalgunj,Pumpkin,KG,1,2026-09-15,40.57,48.5,53.88
Nepalgunj__Pumpkin__KG,Nepalgunj,Pumpkin,KG,2,2026-10-15,42.67,48.86,54.09
Nepalgunj__Pumpkin__KG,Nepalgunj,Pumpkin,KG,3,2026-11-15,41.89,47.56,53.08
Nepalgunj__Rice (coarse)__KG,Nepalgunj,Rice (coarse),KG,1,2026-09-15,50.56,55.53,59.39
Nepalgunj__Rice (coarse)__KG,Nepalgunj,Rice (coarse),KG,2,2026-10-15,51.17,55.1,58.77
Nepalgunj__Rice (coarse)__KG,Nepalgunj,Rice (coarse),KG,3,2026-11-15,49.77,53.54,57.44
Nepalgunj__Rice (medium grain)__KG,Nepalgunj,Rice (medium grain),KG,1,2026-09-15,66.02,70.58,73.87
Nepalgunj__Rice (medium grain)__KG,Nepalgunj,Rice (medium grain),KG,2,2026-10-15,65.89,69.66,72.88
Nepalgunj__Rice (medium grain)__KG,Nepalgunj,Rice (medium grain),KG,3,2026-11-15,64.3,67.89,71.36
Nepalgunj__Tomatoes__KG,Nepalgunj,Tomatoes,KG,1,2026-09-15,55.39,79.46,98.93
Nepalgunj__Tomatoes__KG,Nepalgunj,Tomatoes,KG,2,2026-10-15,50.46,73.4,92.59
Nepalgunj__Tomatoes__KG,Nepalgunj,Tomatoes,KG,3,2026-11-15,42.01,64.99,83.98
Nepalgunj__Wheat flour__KG,Nepalgunj,Wheat flour,KG,1,2026-09-15,71.8,78.8,84.44
Nepalgunj__Wheat flour__KG,Nepalgunj,Wheat flour,KG,2,2026-10-15,72.34,78.2,83.71
Nepalgunj__Wheat flour__KG,Nepalgunj,Wheat flour,KG,3,2026-11-15,70.91,76.66,82.74
Phidim__Apples__KG,Phidim,Apples,KG,1,2026-09-15,325.29,364.98,399.43
Phidim__Apples__KG,Phidim,Apples,KG,2,2026-10-15,335.49,363.12,395.28
Phidim__Apples__KG,Phidim,Apples,KG,3,2026-11-15,329.37,356.17,388.81
Phidim__Bananas__Dozen,Phidim,Bananas,Dozen,1,2026-09-15,107.42,122.28,134.61
Phidim__Bananas__Dozen,Phidim,Bananas,Dozen,2,2026-10-15,111.17,122.71,134.48
Phidim__Bananas__Dozen,Phidim,Bananas,Dozen,3,2026-11-15,109.65,120.37,132.5
Phidim__Beans (black)__KG,Phidim,Beans (black),KG,1,2026-09-15,189.7,208.32,223.97
Phidim__Beans (black)__KG,Phidim,Beans (black),KG,2,2026-10-15,192.56,205.82,221.13
Phidim__Beans (black)__KG,Phidim,Beans (black),KG,3,2026-11-15,188.65,200.85,217.28
Phidim__Cabbage__KG,Phidim,Cabbage,KG,1,2026-09-15,43.17,59.39,74.47
Phidim__Cabbage__KG,Phidim,Cabbage,KG,2,2026-10-15,42.89,56.66,71.29
Phidim__Cabbage__KG,Phidim,Cabbage,KG,3,2026-11-15,38.92,51.85,66.32
Phidim__Carrots__KG__seg1,Phidim,Carrots,KG,1,2026-09-15,86.08,113.77,137.75
Phidim__Carrots__KG__seg1,Phidim,Carrots,KG,2,2026-10-15,82.76,108.41,131.95
Phidim__Carrots__KG__seg1,Phidim,Carrots,KG,3,2026-11-15,75.34,100.73,124.13
Phidim__Chickpeas__KG,Phidim,Chickpeas,KG,1,2026-09-15,134.87,148.97,159.17
Phidim__Chickpeas__KG,Phidim,Chickpeas,KG,2,2026-10-15,137.82,147.59,157.21
Phidim__Chickpeas__KG,Phidim,Chickpeas,KG,3,2026-11-15,134.97,144.06,154.04
Phidim__Eggs__Unit,Phidim,Eggs,Unit,1,2026-09-15,22.27,26.71,30.32
Phidim__Eggs__Unit,Phidim,Eggs,Unit,2,2026-10-15,23.33,26.85,30.2
Phidim__Eggs__Unit,Phidim,Eggs,Unit,3,2026-11-15,22.95,26.1,29.76
Phidim__Fish__KG,Phidim,Fish,KG,1,2026-09-15,437.47,484.37,517.99
Phidim__Fish__KG,Phidim,Fish,KG,2,2026-10-15,449.23,482.24,513.35
Phidim__Fish__KG,Phidim,Fish,KG,3,2026-11-15,442.01,473.18,505.8
Phidim__Lentils (broken)__KG,Phidim,Lentils (broken),KG,1,2026-09-15,159.89,169.87,183.79
Phidim__Lentils (broken)__KG,Phidim,Lentils (broken),KG,2,2026-10-15,161.22,168.48,181.36
Phidim__Lentils (broken)__KG,Phidim,Lentils (broken),KG,3,2026-11-15,158.74,165.24,178.33
Phidim__Meat (chicken)__KG,Phidim,Meat (chicken),KG,1,2026-09-15,423.02,456.72,480.47
Phidim__Meat (chicken)__KG,Phidim,Meat (chicken),KG,2,2026-10-15,429.47,455.86,478.32
Phidim__Meat (chicken)__KG,Phidim,Meat (chicken),KG,3,2026-11-15,423.87,448.4,471.49
Phidim__Milk__L,Phidim,Milk,L,1,2026-09-15,83.64,88.41,92.78
Phidim__Milk__L,Phidim,Milk,L,2,2026-10-15,84.34,89.02,93.06
Phidim__Milk__L,Phidim,Milk,L,3,2026-11-15,83.7,88.28,92.6
Phidim__Oil (mustard)__L,Phidim,Oil (mustard),L,1,2026-09-15,330.26,354.55,379.28
Phidim__Oil (mustard)__L,Phidim,Oil (mustard),L,2,2026-10-15,333.18,352.49,376.36
Phidim__Oil (mustard)__L,Phidim,Oil (mustard),L,3,2026-11-15,328.0,347.37,372.65
Phidim__Oil (soybean)__L,Phidim,Oil (soybean),L,1,2026-09-15,285.84,308.97,328.37
Phidim__Oil (soybean)__L,Phidim,Oil (soybean),L,2,2026-10-15,286.96,305.79,323.99
Phidim__Oil (soybean)__L,Phidim,Oil (soybean),L,3,2026-11-15,281.04,299.15,318.31
Phidim__Peanut__KG,Phidim,Peanut,KG,1,2026-09-15,242.45,259.0,278.86
Phidim__Peanut__KG,Phidim,Peanut,KG,2,2026-10-15,243.26,255.17,274.04
Phidim__Peanut__KG,Phidim,Peanut,KG,3,2026-11-15,237.69,249.35,269.41
Phidim__Potatoes (red)__KG,Phidim,Potatoes (red),KG,1,2026-09-15,58.23,72.92,85.92
Phidim__Potatoes (red)__KG,Phidim,Potatoes (red),KG,2,2026-10-15,59.95,71.22,82.73
Phidim__Potatoes (red)__KG,Phidim,Potatoes (red),KG,3,2026-11-15,56.88,66.87,77.08
Phidim__Pumpkin__KG,Phidim,Pumpkin,KG,1,2026-09-15,53.35,77.23,96.74
Phidim__Pumpkin__KG,Phidim,Pumpkin,KG,2,2026-10-15,56.81,76.85,95.45
Phidim__Pumpkin__KG,Phidim,Pumpkin,KG,3,2026-11-15,53.37,71.91,92.04
Phidim__Rice (coarse)__KG,Phidim,Rice (coarse),KG,1,2026-09-15,61.37,68.0,72.98
Phidim__Rice (coarse)__KG,Phidim,Rice (coarse),KG,2,2026-10-15,62.36,67.97,72.78
Phidim__Rice (coarse)__KG,Phidim,Rice (coarse),KG,3,2026-11-15,61.33,66.82,72.13
Phidim__Rice (medium grain)__KG,Phidim,Rice (medium grain),KG,1,2026-09-15,74.58,80.61,85.72
Phidim__Rice (medium grain)__KG,Phidim,Rice (medium grain),KG,2,2026-10-15,74.45,79.31,84.39
Phidim__Rice (medium grain)__KG,Phidim,Rice (medium grain),KG,3,2026-11-15,72.52,76.96,82.39
Phidim__Tomatoes__KG,Phidim,Tomatoes,KG,1,2026-09-15,59.58,86.53,109.9
Phidim__Tomatoes__KG,Phidim,Tomatoes,KG,2,2026-10-15,54.94,81.17,104.32
Phidim__Tomatoes__KG,Phidim,Tomatoes,KG,3,2026-11-15,47.2,73.77,97.53
Phidim__Wheat flour__KG,Phidim,Wheat flour,KG,1,2026-09-15,93.62,104.59,113.11
Phidim__Wheat flour__KG,Phidim,Wheat flour,KG,2,2026-10-15,94.66,103.62,112.15
Phidim__Wheat flour__KG,Phidim,Wheat flour,KG,3,2026-11-15,92.6,101.04,110.33
Pokhara__Apples__KG,Pokhara,Apples,KG,1,2026-09-15,286.59,329.96,362.34
Pokhara__Apples__KG,Pokhara,Apples,KG,2,2026-10-15,293.19,322.02,350.94
Pokhara__Apples__KG,Pokhara,Apples,KG,3,2026-11-15,283.94,310.75,339.75
Pokhara__Bananas__Dozen,Pokhara,Bananas,Dozen,1,2026-09-15,140.55,166.82,189.55
Pokhara__Bananas__Dozen,Pokhara,Bananas,Dozen,2,2026-10-15,145.0,163.47,185.41
Pokhara__Bananas__Dozen,Pokhara,Bananas,Dozen,3,2026-11-15,140.37,156.77,179.38
Pokhara__Beans (black)__KG,Pokhara,Beans (black),KG,1,2026-09-15,206.76,220.08,235.17
Pokhara__Beans (black)__KG,Pokhara,Beans (black),KG,2,2026-10-15,209.41,219.46,233.11
Pokhara__Beans (black)__KG,Pokhara,Beans (black),KG,3,2026-11-15,207.43,217.79,232.26
Pokhara__Cabbage__KG,Pokhara,Cabbage,KG,1,2026-09-15,53.09,74.47,94.98
Pokhara__Cabbage__KG,Pokhara,Cabbage,KG,2,2026-10-15,53.51,71.11,90.32
Pokhara__Cabbage__KG,Pokhara,Cabbage,KG,3,2026-11-15,49.34,65.74,83.67
Pokhara__Carrots__KG__seg1,Pokhara,Carrots,KG,1,2026-09-15,102.84,151.85,196.47
Pokhara__Carrots__KG__seg1,Pokhara,Carrots,KG,2,2026-10-15,97.57,139.19,179.84
Pokhara__Carrots__KG__seg1,Pokhara,Carrots,KG,3,2026-11-15,85.35,124.8,161.08
Pokhara__Chickpeas__KG,Pokhara,Chickpeas,KG,1,2026-09-15,136.07,145.63,158.7
Pokhara__Chickpeas__KG,Pokhara,Chickpeas,KG,2,2026-10-15,138.13,143.24,154.27
Pokhara__Chickpeas__KG,Pokhara,Chickpeas,KG,3,2026-11-15,136.74,141.93,153.14
Pokhara__Eggs__Unit,Pokhara,Eggs,Unit,1,2026-09-15,17.74,20.08,21.73
Pokhara__Eggs__Unit,Pokhara,Eggs,Unit,2,2026-10-15,18.36,19.99,21.62
Pokhara__Eggs__Unit,Pokhara,Eggs,Unit,3,2026-11-15,18.05,19.59,21.37
Pokhara__Lentils (broken)__KG,Pokhara,Lentils (broken),KG,1,2026-09-15,156.56,164.24,179.4
Pokhara__Lentils (broken)__KG,Pokhara,Lentils (broken),KG,2,2026-10-15,156.02,160.51,174.36
Pokhara__Lentils (broken)__KG,Pokhara,Lentils (broken),KG,3,2026-11-15,153.63,158.07,172.07
Pokhara__Meat (chicken)__KG,Pokhara,Meat (chicken),KG,1,2026-09-15,394.13,427.29,454.5
Pokhara__Meat (chicken)__KG,Pokhara,Meat (chicken),KG,2,2026-10-15,402.19,424.93,449.09
Pokhara__Meat (chicken)__KG,Pokhara,Meat (chicken),KG,3,2026-11-15,398.14,419.63,443.64
Pokhara__Milk__L,Pokhara,Milk,L,1,2026-09-15,102.45,107.02,113.48
Pokhara__Milk__L,Pokhara,Milk,L,2,2026-10-15,103.19,106.61,112.63
Pokhara__Milk__L,Pokhara,Milk,L,3,2026-11-15,103.22,106.39,112.68
Pokhara__Oil (mustard)__L,Pokhara,Oil (mustard),L,1,2026-09-15,306.94,333.75,353.51
Pokhara__Oil (mustard)__L,Pokhara,Oil (mustard),L,2,2026-10-15,311.72,331.21,350.13
Pokhara__Oil (mustard)__L,Pokhara,Oil (mustard),L,3,2026-11-15,308.01,327.56,347.92
Pokhara__Oil (soybean)__L,Pokhara,Oil (soybean),L,1,2026-09-15,275.33,301.9,321.12
Pokhara__Oil (soybean)__L,Pokhara,Oil (soybean),L,2,2026-10-15,278.3,299.14,316.45
Pokhara__Oil (soybean)__L,Pokhara,Oil (soybean),L,3,2026-11-15,272.56,293.23,311.4
Pokhara__Oranges__KG__seg1,Pokhara,Oranges,KG,1,2026-07-15,160.89,231.87,303.25
Pokhara__Oranges__KG__seg1,Pokhara,Oranges,KG,2,2026-08-15,154.36,228.26,302.53
Pokhara__Oranges__KG__seg1,Pokhara,Oranges,KG,3,2026-09-15,118.48,203.47,276.25
Pokhara__Peanut__KG__seg1,Pokhara,Peanut,KG,1,2026-09-15,263.28,283.84,299.31
Pokhara__Peanut__KG__seg1,Pokhara,Peanut,KG,2,2026-10-15,268.16,285.98,299.92
Pokhara__Peanut__KG__seg1,Pokhara,Peanut,KG,3,2026-11-15,266.22,284.39,299.71
Pokhara__Potatoes (red)__KG,Pokhara,Potatoes (red),KG,1,2026-09-15,46.92,52.62,58.89
Pokhara__Potatoes (red)__KG,Pokhara,Potatoes (red),KG,2,2026-10-15,48.31,51.93,56.54
Pokhara__Potatoes (red)__KG,Pokhara,Potatoes (red),KG,3,2026-11-15,48.16,51.26,55.72
Pokhara__Rice (coarse)__KG__seg1,Pokhara,Rice (coarse),KG,1,2026-09-15,67.82,72.47,76.12
Pokhara__Rice (coarse)__KG__seg1,Pokhara,Rice (coarse),KG,2,2026-10-15,68.55,72.44,75.85
Pokhara__Rice (coarse)__KG__seg1,Pokhara,Rice (coarse),KG,3,2026-11-15,67.69,71.58,75.28
Pokhara__Rice (medium grain)__KG,Pokhara,Rice (medium grain),KG,1,2026-09-15,86.77,93.35,98.45
Pokhara__Rice (medium grain)__KG,Pokhara,Rice (medium grain),KG,2,2026-10-15,86.38,92.01,97.04
Pokhara__Rice (medium grain)__KG,Pokhara,Rice (medium grain),KG,3,2026-11-15,84.09,89.4,94.87
Pokhara__Tomatoes__KG,Pokhara,Tomatoes,KG,1,2026-09-15,68.79,95.73,121.01
Pokhara__Tomatoes__KG,Pokhara,Tomatoes,KG,2,2026-10-15,65.0,88.95,113.39
Pokhara__Tomatoes__KG,Pokhara,Tomatoes,KG,3,2026-11-15,57.47,81.0,104.64
Pokhara__Wheat flour__KG,Pokhara,Wheat flour,KG,1,2026-09-15,83.96,90.8,95.78
Pokhara__Wheat flour__KG,Pokhara,Wheat flour,KG,2,2026-10-15,84.3,90.32,95.17
Pokhara__Wheat flour__KG,Pokhara,Wheat flour,KG,3,2026-11-15,82.98,88.77,94.18
Rajbiraj__Apples__KG__seg1,Rajbiraj,Apples,KG,1,2026-09-15,183.85,226.58,264.31
Rajbiraj__Apples__KG__seg1,Rajbiraj,Apples,KG,2,2026-10-15,197.19,225.26,254.96
Rajbiraj__Apples__KG__seg1,Rajbiraj,Apples,KG,3,2026-11-15,196.25,221.11,248.46
Rajbiraj__Bananas__Dozen__seg1,Rajbiraj,Bananas,Dozen,1,2026-09-15,70.78,89.19,110.52
Rajbiraj__Bananas__Dozen__seg1,Rajbiraj,Bananas,Dozen,2,2026-10-15,73.7,86.21,105.96
Rajbiraj__Bananas__Dozen__seg1,Rajbiraj,Bananas,Dozen,3,2026-11-15,71.14,81.68,100.32
Rajbiraj__Beans (black)__KG,Rajbiraj,Beans (black),KG,1,2026-09-15,180.04,196.84,210.32
Rajbiraj__Beans (black)__KG,Rajbiraj,Beans (black),KG,2,2026-10-15,182.31,194.39,207.72
Rajbiraj__Beans (black)__KG,Rajbiraj,Beans (black),KG,3,2026-11-15,178.73,189.68,204.12
Rajbiraj__Cabbage__KG__seg1,Rajbiraj,Cabbage,KG,1,2026-09-15,50.12,68.92,85.41
Rajbiraj__Cabbage__KG__seg1,Rajbiraj,Cabbage,KG,2,2026-10-15,48.74,64.89,80.97
Rajbiraj__Cabbage__KG__seg1,Rajbiraj,Cabbage,KG,3,2026-11-15,42.93,58.32,74.55
Rajbiraj__Carrots__KG__seg1,Rajbiraj,Carrots,KG,1,2026-09-15,85.05,120.24,150.57
Rajbiraj__Carrots__KG__seg1,Rajbiraj,Carrots,KG,2,2026-10-15,79.6,113.3,143.18
Rajbiraj__Carrots__KG__seg1,Rajbiraj,Carrots,KG,3,2026-11-15,68.95,103.14,133.71
Rajbiraj__Chickpeas__KG,Rajbiraj,Chickpeas,KG,1,2026-09-15,123.67,133.44,141.16
Rajbiraj__Chickpeas__KG,Rajbiraj,Chickpeas,KG,2,2026-10-15,125.53,132.22,139.5
Rajbiraj__Chickpeas__KG,Rajbiraj,Chickpeas,KG,3,2026-11-15,123.61,129.85,137.47
Rajbiraj__Eggs__Unit__seg1,Rajbiraj,Eggs,Unit,1,2026-09-15,18.31,20.39,21.8
Rajbiraj__Eggs__Unit__seg1,Rajbiraj,Eggs,Unit,2,2026-10-15,18.62,20.31,21.66
Rajbiraj__Eggs__Unit__seg1,Rajbiraj,Eggs,Unit,3,2026-11-15,18.31,19.8,21.34
Rajbiraj__Fish__KG__seg1,Rajbiraj,Fish,KG,1,2026-09-15,345.59,367.07,386.99
Rajbiraj__Fish__KG__seg1,Rajbiraj,Fish,KG,2,2026-10-15,351.44,365.99,382.33
Rajbiraj__Fish__KG__seg1,Rajbiraj,Fish,KG,3,2026-11-15,351.7,364.43,379.97
Rajbiraj__Lentils (broken)__KG,Rajbiraj,Lentils (broken),KG,1,2026-09-15,148.62,156.68,166.22
Rajbiraj__Lentils (broken)__KG,Rajbiraj,Lentils (broken),KG,2,2026-10-15,149.95,156.34,165.13
Rajbiraj__Lentils (broken)__KG,Rajbiraj,Lentils (broken),KG,3,2026-11-15,148.37,153.91,163.12
Rajbiraj__Meat (chicken)__KG__seg1,Rajbiraj,Meat (chicken),KG,1,2026-09-15,328.51,364.27,389.61
Rajbiraj__Meat (chicken)__KG__seg1,Rajbiraj,Meat (chicken),KG,2,2026-10-15,337.39,364.18,386.48
Rajbiraj__Meat (chicken)__KG__seg1,Rajbiraj,Meat (chicken),KG,3,2026-11-15,332.17,357.17,378.02
Rajbiraj__Milk__L__seg1,Rajbiraj,Milk,L,1,2026-09-15,99.13,102.42,105.85
Rajbiraj__Milk__L__seg1,Rajbiraj,Milk,L,2,2026-10-15,99.51,102.6,105.82
Rajbiraj__Milk__L__seg1,Rajbiraj,Milk,L,3,2026-11-15,98.81,101.8,105.17
Rajbiraj__Oil (mustard)__L,Rajbiraj,Oil (mustard),L,1,2026-09-15,300.29,318.71,339.22
Rajbiraj__Oil (mustard)__L,Rajbiraj,Oil (mustard),L,2,2026-10-15,299.67,314.44,334.08
Rajbiraj__Oil (mustard)__L,Rajbiraj,Oil (mustard),L,3,2026-11-15,293.42,307.25,327.61
Rajbiraj__Oil (soybean)__L__seg1,Rajbiraj,Oil (soybean),L,1,2026-09-15,282.08,296.8,311.54
Rajbiraj__Oil (soybean)__L__seg1,Rajbiraj,Oil (soybean),L,2,2026-10-15,283.23,295.4,309.52
Rajbiraj__Oil (soybean)__L__seg1,Rajbiraj,Oil (soybean),L,3,2026-11-15,279.23,290.7,305.34
Rajbiraj__Peanut__KG__seg1,Rajbiraj,Peanut,KG,1,2026-09-15,211.99,230.13,258.13
Rajbiraj__Peanut__KG__seg1,Rajbiraj,Peanut,KG,2,2026-10-15,218.26,230.1,255.11
Rajbiraj__Peanut__KG__seg1,Rajbiraj,Peanut,KG,3,2026-11-15,215.71,228.21,254.3
Rajbiraj__Potatoes (red)__KG__seg1,Rajbiraj,Potatoes (red),KG,1,2026-09-15,35.62,48.1,61.63
Rajbiraj__Potatoes (red)__KG__seg1,Rajbiraj,Potatoes (red),KG,2,2026-10-15,34.56,44.0,54.57
Rajbiraj__Potatoes (red)__KG__seg1,Rajbiraj,Potatoes (red),KG,3,2026-11-15,32.5,40.87,49.53
Rajbiraj__Pumpkin__KG__seg1,Rajbiraj,Pumpkin,KG,1,2026-09-15,50.95,64.4,77.69
Rajbiraj__Pumpkin__KG__seg1,Rajbiraj,Pumpkin,KG,2,2026-10-15,53.6,63.86,75.85
Rajbiraj__Pumpkin__KG__seg1,Rajbiraj,Pumpkin,KG,3,2026-11-15,51.84,60.99,71.67
Rajbiraj__Rice (coarse)__KG,Rajbiraj,Rice (coarse),KG,1,2026-09-15,58.73,64.01,67.89
Rajbiraj__Rice (coarse)__KG,Rajbiraj,Rice (coarse),KG,2,2026-10-15,59.43,63.94,67.72
Rajbiraj__Rice (coarse)__KG,Rajbiraj,Rice (coarse),KG,3,2026-11-15,58.6,62.98,67.21
Rajbiraj__Rice (medium grain)__KG,Rajbiraj,Rice (medium grain),KG,1,2026-09-15,74.33,80.12,84.84
Rajbiraj__Rice (medium grain)__KG,Rajbiraj,Rice (medium grain),KG,2,2026-10-15,74.18,78.95,83.68
Rajbiraj__Rice (medium grain)__KG,Rajbiraj,Rice (medium grain),KG,3,2026-11-15,72.57,76.84,82.05
Rajbiraj__Tomatoes__KG__seg1,Rajbiraj,Tomatoes,KG,1,2026-09-15,69.47,109.72,149.28
Rajbiraj__Tomatoes__KG__seg1,Rajbiraj,Tomatoes,KG,2,2026-10-15,60.7,99.11,136.94
Rajbiraj__Tomatoes__KG__seg1,Rajbiraj,Tomatoes,KG,3,2026-11-15,49.11,88.02,125.4
Rajbiraj__Wheat flour__KG,Rajbiraj,Wheat flour,KG,1,2026-09-15,73.82,78.35,81.87
Rajbiraj__Wheat flour__KG,Rajbiraj,Wheat flour,KG,2,2026-10-15,74.09,77.79,81.35
Rajbiraj__Wheat flour__KG,Rajbiraj,Wheat flour,KG,3,2026-11-15,73.13,76.53,80.45
Simikot__Apples__KG__seg1,Simikot,Apples,KG,1,2026-09-15,72.07,153.61,221.51
Simikot__Apples__KG__seg1,Simikot,Apples,KG,2,2026-10-15,87.76,147.29,207.03
Simikot__Apples__KG__seg1,Simikot,Apples,KG,3,2026-11-15,81.18,132.91,188.68
Simikot__Bananas__Dozen__seg1,Simikot,Bananas,Dozen,1,2026-09-15,330.09,369.17,408.1
Simikot__Bananas__Dozen__seg1,Simikot,Bananas,Dozen,2,2026-10-15,342.92,367.04,402.08
Simikot__Bananas__Dozen__seg1,Simikot,Bananas,Dozen,3,2026-11-15,339.94,363.73,399.73
Simikot__Beans (black)__KG__seg1,Simikot,Beans (black),KG,1,2026-09-15,290.98,303.08,320.06
Simikot__Beans (black)__KG__seg1,Simikot,Beans (black),KG,2,2026-10-15,298.21,305.88,320.7
Simikot__Beans (black)__KG__seg1,Simikot,Beans (black),KG,3,2026-11-15,299.58,307.35,323.07
Simikot__Cabbage__KG__seg1,Simikot,Cabbage,KG,1,2026-09-15,49.03,110.31,174.07
Simikot__Cabbage__KG__seg1,Simikot,Cabbage,KG,2,2026-10-15,61.97,108.02,161.67
Simikot__Cabbage__KG__seg1,Simikot,Cabbage,KG,3,2026-11-15,61.84,103.85,154.41
Simikot__Carrots__KG__seg1,Simikot,Carrots,KG,1,2026-09-15,164.26,204.8,245.79
Simikot__Carrots__KG__seg1,Simikot,Carrots,KG,2,2026-10-15,184.03,209.53,241.9
Simikot__Carrots__KG__seg1,Simikot,Carrots,KG,3,2026-11-15,185.63,209.98,242.85
Simikot__Chickpeas__KG__seg1,Simikot,Chickpeas,KG,1,2026-09-15,236.11,254.24,276.29
Simikot__Chickpeas__KG__seg1,Simikot,Chickpeas,KG,2,2026-10-15,246.45,258.4,276.95
Simikot__Chickpeas__KG__seg1,Simikot,Chickpeas,KG,3,2026-11-15,248.43,260.45,280.1
Simikot__Eggs__Unit__seg1,Simikot,Eggs,Unit,1,2026-09-15,27.01,33.17,40.95
Simikot__Eggs__Unit__seg1,Simikot,Eggs,Unit,2,2026-10-15,30.45,33.82,40.6
Simikot__Eggs__Unit__seg1,Simikot,Eggs,Unit,3,2026-11-15,30.09,33.52,40.45
Simikot__Lentils (broken)__KG__seg1,Simikot,Lentils (broken),KG,1,2026-09-15,249.67,266.31,286.97
Simikot__Lentils (broken)__KG__seg1,Simikot,Lentils (broken),KG,2,2026-10-15,258.16,269.22,287.54
Simikot__Lentils (broken)__KG__seg1,Simikot,Lentils (broken),KG,3,2026-11-15,259.67,270.6,289.9
Simikot__Meat (chicken)__KG__seg1,Simikot,Meat (chicken),KG,1,2026-09-15,598.25,692.63,769.93
Simikot__Meat (chicken)__KG__seg1,Simikot,Meat (chicken),KG,2,2026-10-15,630.06,690.85,757.47
Simikot__Meat (chicken)__KG__seg1,Simikot,Meat (chicken),KG,3,2026-11-15,626.82,686.15,757.59
Simikot__Oil (mustard)__L__seg1,Simikot,Oil (mustard),L,1,2026-09-15,431.37,453.33,471.74
Simikot__Oil (mustard)__L__seg1,Simikot,Oil (mustard),L,2,2026-10-15,434.47,451.33,468.48
Simikot__Oil (mustard)__L__seg1,Simikot,Oil (mustard),L,3,2026-11-15,431.3,447.88,465.98
Simikot__Oil (soybean)__L__seg1,Simikot,Oil (soybean),L,1,2026-09-15,323.13,341.36,359.55
Simikot__Oil (soybean)__L__seg1,Simikot,Oil (soybean),L,2,2026-10-15,327.16,339.58,356.79
Simikot__Oil (soybean)__L__seg1,Simikot,Oil (soybean),L,3,2026-11-15,326.44,338.32,356.75
Simikot__Potatoes (red)__KG__seg1,Simikot,Potatoes (red),KG,1,2026-09-15,62.96,69.99,79.75
Simikot__Potatoes (red)__KG__seg1,Simikot,Potatoes (red),KG,2,2026-10-15,64.92,69.32,77.75
Simikot__Potatoes (red)__KG__seg1,Simikot,Potatoes (red),KG,3,2026-11-15,64.85,69.05,77.74
Simikot__Rice (coarse)__KG__seg1,Simikot,Rice (coarse),KG,1,2026-09-15,104.6,116.89,131.69
Simikot__Rice (coarse)__KG__seg1,Simikot,Rice (coarse),KG,2,2026-10-15,109.63,117.78,130.37
Simikot__Rice (coarse)__KG__seg1,Simikot,Rice (coarse),KG,3,2026-11-15,110.31,118.27,131.62
Simikot__Rice (medium grain)__KG__seg1,Simikot,Rice (medium grain),KG,1,2026-09-15,161.72,166.86,174.9
Simikot__Rice (medium grain)__KG__seg1,Simikot,Rice (medium grain),KG,2,2026-10-15,164.25,168.14,175.23
Simikot__Rice (medium grain)__KG__seg1,Simikot,Rice (medium grain),KG,3,2026-11-15,165.1,168.89,176.44
Simikot__Tomatoes__KG__seg1,Simikot,Tomatoes,KG,1,2026-09-15,188.08,214.85,246.24
Simikot__Tomatoes__KG__seg1,Simikot,Tomatoes,KG,2,2026-10-15,201.29,218.65,243.13
Simikot__Tomatoes__KG__seg1,Simikot,Tomatoes,KG,3,2026-11-15,203.51,219.87,243.96
Simikot__Wheat flour__KG__seg1,Simikot,Wheat flour,KG,1,2026-09-15,131.69,136.47,144.46
Simikot__Wheat flour__KG__seg1,Simikot,Wheat flour,KG,2,2026-10-15,134.44,137.95,145.03
Simikot__Wheat flour__KG__seg1,Simikot,Wheat flour,KG,3,2026-11-15,135.39,138.96,146.4
